id,name,joined_at,baseline_trust_score
39f5c99a-741f-4692-89e1-6c4831fea294,"Sharma, Ramesh and Chaudhry",2022-03-06T13:15:04,421.8470371325435
180d624d-4eb7-49a1-bd1a-d3abd2f79b4f,Khatri Group,2025-01-09T04:17:09,669.0649134881361
a7b450fe-1c94-48f5-9b6a-e8f7b631f2ef,Shroff Ltd,2023-09-14T01:07:31,631.9983373713296
6250b46b-c4e5-460d-be2d-ce047885f61a,Anand PLC,2025-10-28T09:48:24,622.6678145519313
b1c5769b-0e4d-40ca-b89c-08f07208ff42,Kumer Inc,2024-06-06T11:17:03,518.9262044513188
733aa203-3128-435e-88c7-60b8f0213505,Bassi-Nadkarni,2025-09-06T12:46:18,491.5395957642096
89fa76a5-6c46-4344-869a-e3e81ea4ed78,"Wali, Bava and Bath",2024-06-19T19:26:58,637.8747971857167
583ded80-b3b8-4363-a837-8ea6dc41435f,Rajan Inc,2024-04-26T04:03:14,738.5740433952624
2c019439-dfa0-4e8e-98b1-2ef203875698,"Parmer, Deol and Chatterjee",2022-02-27T17:46:12,594.671115865257
90d0b9b3-c887-4358-a706-7beda8f30020,Parmar-Sathe,2023-08-22T06:18:16,703.5230986052234
6b0a1b10-d263-45eb-b837-de1d5b101690,Bhatnagar-Ranganathan,2025-10-28T21:30:00,546.8587363009174
447a94ee-cd78-44d6-9c49-b6899d10fa13,Lad LLC,2024-05-10T18:05:29,547.333479409729
751e5be2-fe27-454b-b34c-94d48022fb2d,Natarajan-De,2024-03-05T06:58:08,520.6682406353517
50cf15a0-7c53-4905-a2b6-ee8027749a7f,Khalsa Inc,2023-03-27T12:17:47,615.8175128933337
67ce16fd-691f-4b50-b6c2-1b2827ca5b43,"Arora, Choudhary and Srinivas",2023-12-22T04:39:23,446.6948738388171
3731f2d5-a4ea-4574-b1d3-4a2c77e42f13,"Tripathi, Varma and Bajwa",2025-12-10T08:01:36,442.8527643532156
625a02fd-cab2-4550-a014-acc3f5ef0197,Halder Ltd,2022-09-01T07:10:34,444.6342566659272
507149d0-4e31-4104-a1af-ee71a37d0abb,Ravi PLC,2024-05-25T12:34:25,406.4081512128771
f5f7fcfe-c721-4e86-9293-23f492b91e6e,"Deshmukh, Suri and Khanna",2022-02-01T01:58:34,592.5777687072061
e67c77bf-9b66-424d-ace3-47358ce15100,Varghese Ltd,2026-01-06T18:13:20,403.6500344684162
a26609c2-64cf-4a65-97dc-f86239dc2c39,Jha and Sons,2024-07-15T23:13:03,596.7771937059936
678421d7-5207-4874-b993-80aace8f4859,"Contractor, Sampath and Pandey",2022-01-21T02:00:14,617.6455454033697
4acb0485-4fcd-4369-b959-36d59e2e939c,Bhalla-Sagar,2024-04-19T02:40:41,646.1114864036604
54313b96-5838-4546-8190-692595d486e6,Dar-Trivedi,2025-05-06T00:10:23,610.9783257150142
c8635cc9-5813-4a69-b044-239c37d5186d,"Ghose, Loyal and Nori",2022-03-05T09:34:23,590.717242049441
9377a9bf-def9-40bb-b789-9f26f6f4500d,"Sarma, Jaggi and Mand",2023-11-02T05:16:12,734.5338585996249
dd154f97-9057-413a-8825-cd5e0e0f5dd3,Shanker LLC,2025-04-03T15:01:21,646.2803201212859
3950e284-ed3a-4b51-885a-3fa09957fb57,Guha-Parikh,2022-04-04T05:51:49,559.2032741488299
536093af-2286-40a2-bac6-7155b3a823c9,Chad Group,2025-01-02T08:31:58,705.0155003924523
6f06339f-02f5-46bb-baa0-1651cc5ac06e,Varty-Lal,2023-11-21T16:34:56,756.5627420649113
c213ce1d-7bbf-45f9-9df6-0056e7deae64,Som PLC,2025-06-03T12:55:06,545.7545193817275
a59aac19-4288-4c39-914c-0fb0968bddef,Reddy Group,2022-07-31T12:04:40,459.15992793242066
f52581e3-551d-42bb-9f1d-a1523296835d,"Bhavsar, Padmanabhan and Kamdar",2022-11-24T10:02:06,446.6061100774242
8c73ce8f-a8d7-4c1e-bbb4-99ec6915af81,Chand-Guha,2023-09-24T12:53:55,409.2863947254436
39810514-498c-4fc6-a850-ac45dffcd9b3,"Dhaliwal, Ravi and Sarin",2025-08-24T10:50:01,694.0099536720688
4bd3c0db-d174-4ad7-bf62-1606c33c1ce6,Arora Inc,2024-02-20T04:55:25,690.586919754274
0c56dd8a-71a9-4368-8227-5e6b381ca878,"Kaur, Gill and Buch",2023-06-14T05:31:38,793.5206821128043
84fc2079-d0c6-4836-a4ad-bbdc4f1e8312,Taneja and Sons,2026-01-01T01:11:56,492.8533943704191
820eefa4-7ff6-4118-9ac9-5125fd09ed07,"Konda, Bora and Bhandari",2023-05-11T14:01:33,760.9417317962825
1d02762a-5ebf-4315-8e28-0515efe1d0bd,"Tripathi, Sur and Kant",2024-12-06T02:59:49,781.775458578192
effdbb7c-5d11-4a86-99be-19bad1f00e50,Pandey Group,2024-10-09T10:08:53,540.5887945275803
608d3b7a-b315-4b40-8de7-7f72839cb86e,Gour Group,2024-03-10T14:20:59,464.7819498455051
56895069-1227-454b-bada-689de7fc7d42,Murthy Group,2022-04-24T05:55:37,738.6305932728951
b76d0324-fa38-4459-a4de-e8fab4504c25,Krishnan LLC,2022-09-03T07:28:20,472.0789593543874
8abbdb04-1fa2-47db-b4f7-9c1161f472f9,Ganguly-Keer,2025-09-01T22:54:17,646.0552977291422
d5a739db-0e8e-4688-89e8-7972baba355d,"Sani, Narula and Chandra",2024-08-27T06:10:29,785.2437314409342
86e10d03-4516-4652-8cce-0f4154f9552b,"Dugar, Dora and Lad",2024-11-03T06:11:22,592.1800680063826
84701d21-2b25-4cc3-a4c3-e7a3c1360464,Tandon Inc,2022-08-07T09:32:27,472.6782261293813
92b12a27-d02e-4b68-86a3-8950b60127a7,Venkataraman-Chaudhari,2024-10-21T02:32:16,501.815908605435
c90ddd15-b721-4f28-8c1e-e37fd3d84cae,Sekhon Group,2025-05-15T21:01:30,499.8712914728774
7a34baef-5d7c-4d0e-b3dc-942d2bb879b7,Pandey-Wali,2025-03-20T22:57:25,653.1955069332574
a46a1910-55a5-44e3-a914-49cfec4a52ed,Guha-Saxena,2026-01-22T18:26:52,785.9866098912904
a5e289cd-d91e-4885-a35e-ed516a7a08fa,Pandya-Anand,2025-05-05T07:37:22,774.7757184598337
48390e64-8855-48ef-ad3c-30e3660c4cec,Patil and Sons,2023-11-11T17:59:51,754.1214176058461
9a816e18-7d3d-4cec-8b36-27a29f9ede47,"Bali, Doshi and Menon",2023-09-14T08:21:44,701.8442060197608
27e99456-2dd5-43cb-96c3-22d1322df644,Nayak PLC,2022-11-19T04:04:01,550.3440240298571
9fb7883a-8f86-42b5-ba13-b639506843d4,Hegde Group,2025-04-09T03:09:08,702.7239334328385
b31fa2c9-7d77-4431-bf18-f41eb8b6433d,"Srinivasan, Issac and Taneja",2023-05-20T07:28:50,738.0993341726269
173d822a-22fa-49aa-9ec7-1d9ef43c1edc,Varghese-Tailor,2025-02-08T12:12:54,511.13048176495033
dbf6beb3-1d5e-4d72-aaf1-b13155448b4b,Mukhopadhyay-Vig,2025-01-02T03:31:13,488.008457615694
2128bf9d-69d8-4a52-bfa2-9f95d7cc900c,Mani Group,2023-03-14T12:11:32,598.6241048284817
a8002744-24d8-4b3a-8b2c-7f664931930b,Butala-Chander,2025-04-11T03:01:49,535.0495865518119
d2a06d12-5ffa-4e34-9ac3-69baa56fe4fd,Sarin-Mani,2023-08-09T22:20:02,626.6981231793407
4553774c-3837-437a-b6cb-9952b4046232,"Bali, Bansal and Dyal",2023-08-16T04:46:38,688.159021609967
95b165f6-1498-400f-a63c-140b16782b5e,Morar Inc,2024-04-17T23:55:18,604.1902376223483
b57bfb7f-b51d-4269-84d3-033521da5b7a,Gokhale-Gokhale,2022-12-07T00:07:25,783.6402959587733
cfabafeb-ef56-41cb-8bbd-cdab68c95a2e,"Srinivas, Kunda and Roy",2022-08-04T05:48:19,541.6974445962898
5dd68ec5-5d83-43c0-b1a2-d5b6a2bea7ea,Chopra-Ramanathan,2025-01-31T23:08:18,496.5856979535049
45ee09a6-2f75-4900-8055-9f7c0a68e40a,"Ganesan, Keer and Dixit",2023-09-03T05:15:33,710.8626714563719
c96d4fa9-b3f4-40b9-8d70-5c3225d1bead,"Tata, Garde and Warrior",2025-02-17T02:54:11,495.39068033635533
b5bb8f29-8e7e-4701-a1fc-d498f3151bd3,D’Alia-Gopal,2023-12-11T02:16:36,605.6804281592795
be39e2b2-4826-43ef-bbf1-b8ceab8d7df2,"Dass, Yohannan and Dey",2024-09-10T06:50:23,654.4038113887732
34efb7e0-281b-4e99-a66a-91d01537529a,Khatri-Lalla,2024-06-23T01:22:14,500.22490140883923
0945afc7-f734-4288-b28f-ff9ba78e0ab5,"Prabhakar, Deshpande and Bali",2024-07-08T03:31:50,707.2812871978877
4d83eafc-0c95-4c99-8333-855e5efe990f,Lala-Buch,2025-01-22T09:37:44,706.0449166305177
a13aff7c-2481-4ece-863d-961354b76072,Bhardwaj-Doshi,2026-01-22T13:38:44,447.217234966067
489abc1f-dc44-4419-9184-72f33bed3031,Nadig Group,2022-01-16T20:15:49,565.4698220070914
5df5d97f-1eb6-4138-9369-e3b0f425d5f9,Upadhyay-Mand,2024-05-10T00:01:39,533.5600136486295
3fc68e20-7d5a-4e76-8e5f-8782b399c18a,Vaidya-Tailor,2022-01-19T03:53:53,758.7961307923946
6cbe9f02-c009-42d1-be74-6ab6154405b5,"Bedi, Deep and Pillai",2023-04-06T00:11:28,594.7975126198427
5184707b-55e6-4e0d-9905-68fbb363bef0,"Ganguly, Thaman and Dara",2023-04-16T04:36:17,484.99618700159493
5a57b1e0-bdfa-4eda-9936-cd10cb878922,Ben PLC,2025-11-08T06:02:10,501.7841749772677
3d14a5ec-d29c-4142-a160-550fe27c6be7,Madan-Lata,2023-07-08T02:45:25,780.3467012412133
5c1d3b6d-8abb-4ac2-9581-359a58f6ee9e,Vala LLC,2022-10-01T05:13:06,550.4439370589215
6d160a4f-671b-4628-b68a-f06f7c152a91,"Bora, Padmanabhan and Sekhon",2023-10-15T18:42:18,471.8507540182019
bd55c79e-2932-412a-a2e5-ff774e1ab911,"Lad, Kale and Karnik",2025-09-20T16:12:16,508.23070324382866
ff7bf94c-e4f4-4447-831d-69d6b2391379,Pau LLC,2024-08-07T04:09:22,749.1272170453329
4487a7ce-4988-4427-ad2f-d0419ee8182b,"Tella, Mohan and Madan",2026-01-30T16:10:04,466.271063117495
204bc085-f5b4-4239-8d61-1e07f2566228,Saran-Ramachandran,2026-01-29T02:57:15,576.2193758551884
0145b821-b7aa-480e-8a65-98f121fcae21,Tripathi and Sons,2024-04-02T11:34:38,424.2602787782904
068b7a4f-e921-44d7-971a-e0c299520aa9,Chaudhary and Sons,2022-01-29T09:15:28,661.1708189264957
6c1912da-00fb-4bcb-826c-0e2657bb08eb,Saini LLC,2024-10-01T22:41:45,730.4411904592275
b7590db6-89dc-4d54-8dff-454e1df2a32c,Mander and Sons,2024-12-29T17:58:34,455.2673458459315
dae47f91-5360-48be-a34a-249b9f08ed3b,Sur Group,2024-10-08T05:59:44,447.0464136671768
e61ee089-476b-424f-9793-c3c4f994fa5e,Mallick Inc,2023-06-14T18:43:21,710.3768549601394
917c2518-31ef-41dd-b624-e32e347a49f0,Mall LLC,2024-06-14T00:34:38,540.0259158436161
3a21b7f7-b4e9-4be9-81ab-a226caa5a395,"Sankaran, Sheth and Randhawa",2025-05-14T14:46:22,480.52416684000946
16c9ee1d-1ec0-4b45-9cbb-47dc493d98de,"Kara, Khare and Lall",2025-04-19T01:28:41,687.6595236996027
ee3b8c74-11ea-4a17-83e7-197e9dd86c18,Mohan-Nath,2024-06-03T20:42:39,716.4873637950917
d98a241b-188c-4651-8245-56b686dea90e,"Natarajan, Goswami and Nanda",2023-01-11T22:07:56,528.9292467245355
1878be19-afcc-40bd-8cd4-4f54861a7b93,Shankar Ltd,2025-03-10T20:48:33,681.14884813451
99cc4c90-0e29-445b-b4a0-938b2c9dbd29,"Walia, Gole and Nadkarni",2022-09-28T13:02:07,534.9030979630973
dc7e9833-5e14-46b9-8550-f68d4add25c0,Misra-Saha,2025-09-29T07:40:27,408.4243526312555
cbf504b4-899e-4850-880b-da38c635e5c8,"Raj, Deep and Kakar",2022-06-05T05:14:36,514.7429934128802
196a40db-2b07-4d6a-af58-98914f69c84e,Sekhon PLC,2025-11-09T20:41:19,779.0311966116132
499c49c6-1e33-4f4f-8828-142f433cc132,Balasubramanian-Mani,2024-06-06T05:40:40,405.3204177666976
69391dfc-e90d-4766-89f8-79c9fbf7daff,Sarin and Sons,2023-04-30T06:42:47,744.0170758430831
0f68100f-8da9-402c-a8c3-f45bb6219cce,"Oak, Chandran and Bansal",2022-05-26T05:49:02,712.4909464442289
b2253f16-8e8e-4048-8ce1-370699f39735,"Contractor, Bumb and Nazareth",2022-08-23T15:51:53,686.1425647094488
0a962c28-2908-4f5c-848b-9a49e053e75d,"Kala, Issac and Pal",2025-07-12T21:30:02,583.2191956927159
c76b8a90-4d49-47b9-b824-d23c850db453,"Acharya, Varma and Memon",2024-08-14T04:26:20,427.7443959420624
f95d90ca-2341-4539-822e-772c91c29c9e,"Bajwa, Nagar and Savant",2024-04-15T11:43:08,416.4843211367713
725d2258-2770-4cdd-a544-a69bbea77d94,Tella-Behl,2024-02-14T19:24:53,634.9796060088656
b2004797-f382-4c5c-aaca-1018071cc995,"Hayer, Oza and Subramanian",2022-01-29T22:38:15,585.0502541238958
2ad0469a-5492-42b6-94f2-b94d9b73486d,Jha-Issac,2023-12-23T02:41:06,633.6702582509441
f73d5529-b1e5-476c-9241-7276c375d299,Chadha Ltd,2025-12-20T22:12:25,748.7578123260425
13992ca3-7477-4882-b511-5e8882ef7ebb,Maharaj PLC,2025-09-06T07:58:59,485.2949004667802
2d056b9f-0c6d-4a5a-be20-e5f2ed640ddf,"Hans, Yadav and Dani",2023-12-23T13:57:07,741.3964993874656
54f9dc87-525b-4881-ab90-af245956739b,Sanghvi PLC,2024-10-29T04:25:20,569.0960770753173
61970081-8286-4d2d-bd11-6f7c785431dd,"Bath, Mital and Ahuja",2022-09-04T13:50:22,684.7251707707773
a85530ad-f2f7-41d1-b582-5b1bf0ffc777,Dave and Sons,2023-11-17T10:43:34,609.7052586722739
42154827-21fc-4e94-87f9-e5b81dbe5e64,"Kakar, Dash and Morar",2025-09-11T20:35:33,418.92389270121413
f2d1870d-d51f-40ab-8903-ff2b1f02058c,Chawla LLC,2024-07-16T06:17:16,684.7310914494233
c31ebd8c-a4e1-4a59-8a95-add426df4263,"Mohan, Palan and Chaudhary",2025-03-24T12:05:42,539.7681504947409
69f05e67-b9e9-4fe9-ae80-de7d82c0a6e5,Sandhu-Sarkar,2024-07-25T18:09:09,448.38686381800335
2ffaa3f1-d3aa-4f82-9e17-9b7e73308ded,"Baral, Mitra and Rout",2024-03-27T02:44:38,465.9788915514219
75ac2467-4f52-4621-a5ef-3a64179339f2,Singhal Inc,2023-05-17T01:49:50,668.3827108493449
d1b3d181-aac0-4f58-8599-23390c545d89,"Nagy, Gour and Doctor",2025-08-28T09:06:13,581.9081402034726
bcde3628-daa1-4855-8328-d420956b5ac6,Mukherjee Group,2023-03-16T00:48:51,700.515567487531
03f85e8a-2ce4-4918-bc17-093e22bddd88,Ratta and Sons,2024-03-11T13:24:22,609.4024414441806
b5761103-2104-4c63-bf64-8b59c50de1ea,Sanghvi-Johal,2022-05-26T09:02:41,716.25193706001
341fbd26-985b-4359-b8f7-195bc66a6db0,Wagle Ltd,2022-12-01T09:16:58,529.8865407447925
8a355d8b-1ae3-48c5-b57f-aecacc58be9a,Banerjee PLC,2023-12-14T12:38:22,497.5805299586809
487ee264-33dc-46bf-93b7-4a26581a25d3,Sabharwal-Subramaniam,2022-10-30T01:06:13,527.7875404525873
ef168de4-5dc9-47e2-a2fd-8bf3a2470ebb,Basak Ltd,2023-09-29T19:49:09,480.4059357902289
9bfe3297-3faf-401b-add8-1df9e411b573,Shetty PLC,2023-02-03T06:11:10,568.8968271082402
6bddc9ff-8e47-46f3-b419-eef654d3648c,"Sagar, Kala and Puri",2022-07-09T10:22:34,797.1431716311454
c85b048e-f681-4565-8ac9-f26697cfc20a,Borde and Sons,2025-01-30T21:33:07,556.0902195612982
abd27d60-b5b9-46c6-a62a-2f1cb902015e,Sura-Som,2022-03-29T20:54:13,728.7365276703193
223ba2a4-1df2-4aa5-9a75-3be367d527a0,Datta Inc,2025-05-25T06:34:21,423.63180292560025
38678edd-3c12-4db7-9565-7c3ab579d1be,Dugal-Ravi,2023-10-16T20:07:41,776.9074309672923
a0260210-773a-4153-ad05-0a36f56454f8,Taneja LLC,2024-08-07T22:03:31,725.1388729820029
866f1a19-f88e-4809-aadd-66ca5f9afaa2,Kunda and Sons,2022-01-20T23:32:23,682.0704566066088
e472a72e-8da3-4abe-9189-f628777038a9,Singhal-Rajagopalan,2024-10-14T08:29:41,569.3552395667327
8fcde6f7-4666-4a0e-9e52-b1a4f873b3f8,Wadhwa and Sons,2022-04-09T09:27:35,662.4940954483715
78e1e33f-9681-428f-b4e2-d0a48ef914de,Bala Group,2022-10-17T12:41:17,569.4581208344737
f010ec69-f3a4-4ed0-8ade-3bad8fef432e,"Kibe, Agrawal and Walla",2023-02-16T08:59:22,523.7357229219776
6733d8b0-b5c1-497a-bd81-86f4339a2431,"Chatterjee, Dhar and Misra",2024-10-11T14:50:15,712.3644006886636
6c7832e7-7dfa-405d-8e5b-35c08a10601f,"Borde, Mittal and Saini",2026-02-12T03:22:19,632.3259088769653
b18cd81c-3fb5-4bb6-95a1-c6746b10258e,Sastry PLC,2022-01-28T17:13:48,679.8588143589068
f1a380f3-fb60-465e-a958-bcfd80ba27f6,Dara-Ravel,2023-06-01T16:13:01,755.7294346817675
c842fcf3-8207-429a-97e1-ba8fcfbcb86c,Mishra-Trivedi,2022-05-11T05:24:06,632.7039589633816
02263d0d-9eab-4c65-b8ad-fb21ce6d09d2,Varty Inc,2023-10-02T01:43:46,745.6967971884151
928dced0-993f-44de-ac09-31b96d569151,Deep LLC,2024-02-20T05:55:48,589.5326723438404
ab64725a-a4d7-4acd-8ebf-77e536b23771,Wali-Jha,2022-09-01T19:06:43,422.7402830607394
d1849163-54f4-443a-b02b-2a0834f73ac1,"Dua, Sheth and Chana",2025-02-04T02:38:24,645.428727192443
cd1f0082-5ef5-4836-b91e-e5066f30c259,"Date, Nanda and Bhattacharyya",2025-11-22T22:21:47,568.7617834949074
751d0f26-8c20-46de-8955-470a0ff1b0de,Thaman-Tella,2025-05-27T23:16:11,417.9637547769366
2fa38524-ed3f-417a-a7b6-b2dedd22167d,"Gara, Seshadri and Mammen",2022-09-12T10:11:12,406.654539021687
18d34725-aa89-4ab8-a1c7-a774bf9de8c4,Virk Ltd,2025-01-14T03:18:11,485.8784876888426
fa1559ea-72cb-4e78-aa70-c7104d1c5571,Venkataraman Inc,2023-06-28T20:46:18,528.8866180813005
d998f037-1b2c-46f6-8c04-5223ef0a9943,Nagi Inc,2024-11-19T11:12:37,634.8246642429283
93e8a674-79a8-4068-a0ad-fb533bfe167b,Atwal Ltd,2023-10-12T02:12:36,795.391231930538
212899f7-e574-4497-8bf2-7e25007f45c4,"Sarkar, Srivastava and Kashyap",2024-10-30T08:36:57,403.1530325979888
1ef771c2-a44a-4183-baf5-0e28a7fd8af5,"Shan, Vohra and Sem",2022-06-27T05:58:16,556.5531695092391
41f1f243-efcb-44d8-81b8-489cabc84431,Sule-Kadakia,2026-01-30T18:01:01,619.865856587457
c6ab66c7-40cb-4ce6-9af7-939037f8601d,"Pradhan, Doshi and Brahmbhatt",2023-07-13T20:15:59,531.5975002048688
0f7d75e1-f347-4996-aeb5-563e621fc26a,Hora-Raja,2024-08-29T07:08:15,685.254169584986
c3c5fd68-825b-401a-afb6-d312cd22daad,Setty Ltd,2022-10-22T21:25:02,591.788607630921
11f8702e-6f3d-4088-89ed-126cbed9e9a9,Aurora-Tripathi,2024-03-23T13:00:34,430.5405092028361
a8866644-08f8-4769-b5e6-8eb5cd01299f,"Ray, Varma and Mishra",2023-06-18T14:38:35,585.2155434545648
fec60ec4-6e84-4c6d-8025-b3eee821e83c,Agarwal LLC,2022-04-05T02:10:57,726.1040591058961
c0bb0f16-af84-498b-81c6-4f2dd979f23e,Upadhyay LLC,2025-10-20T03:02:56,521.4577171120028
c0ab2303-8aa7-4078-bdcb-e16eeae8f5d5,"Rao, Sama and Sarraf",2024-08-06T07:34:27,657.7323288651277
6c0d1a1b-b6f6-422b-9af9-d38725ab991f,Dugar-Thakkar,2025-03-24T20:42:24,743.7686184092283
23a6269d-988a-40f6-8f6a-02ec9c3cdcc2,Vala-Kala,2023-10-29T00:49:32,401.02286120468295
09ca8834-48ca-4606-8f10-4ab7806459b9,Rajan Group,2023-04-22T00:16:32,539.5635518099048
0a703f96-22c3-41d6-85e4-245ae55b4aee,Patla-Mall,2025-05-21T04:52:00,627.9223327275799
cce8a974-f38a-493e-b2af-21ef11cee9a9,Bath-Radhakrishnan,2025-01-20T21:02:17,606.6751768734782
5c704559-b034-4534-973e-440a2e06eacc,Tailor-Ray,2024-02-22T16:52:59,404.4066872978726
64be606b-95cc-4ad2-b893-28c9141d7d87,Bhavsar-Roy,2024-07-27T11:05:21,676.7479377992101
2655428d-4e79-44eb-a97d-4a4e0399f7fc,Ahluwalia-Bhatnagar,2023-03-11T14:57:29,440.13169643522525
11bf8f2e-65ee-4d1d-a9fa-c52030dff100,"Chauhan, Kota and Shan",2022-04-03T23:12:30,733.2248814072561
62a05b10-ad58-4fee-a8f9-879db5f62619,"Char, Banerjee and Kadakia",2025-05-19T07:57:05,697.6531647517235
04b89014-cb04-414d-b6ec-372c6a569ed1,Kant Group,2022-02-14T18:28:18,645.2424058353965
ab8554e9-3a78-4f30-9206-b5c152685f96,Sule and Sons,2025-08-03T17:57:19,716.882630676726
0e666f41-ec6e-4b06-a75b-cffaffcf5f4b,Prakash and Sons,2022-10-22T16:32:37,488.51942726666107
4e36f299-3ad2-4a0b-b978-5ae1048f4b7a,Patla PLC,2022-09-27T14:50:19,657.254255493526
cc89c428-1d44-4093-9f99-d284debc15ae,"Varghese, Kade and Saraf",2023-11-22T07:27:16,670.1980638126322
62ea4e30-64c9-454c-aba7-5153963808a9,"Rama, Bath and Varghese",2023-12-20T22:15:44,575.3733761604992
6350cb32-71c9-45c9-8b93-caf27f3525bc,Jaggi-Luthra,2025-02-16T08:16:13,536.2836794812716
6e9f4743-5179-41fe-b054-a9375be3e869,Sanghvi and Sons,2024-11-23T13:13:47,511.4501004125392
b00a76db-0e2a-4ed9-b8e3-8ce4d9762067,Salvi Inc,2025-07-21T10:38:25,694.4994695259622
08727f92-28ee-4d5d-b4ca-41922a771f8d,Chadha Ltd,2023-06-22T06:12:54,614.0970053491252
785a5b33-21f7-4087-a450-62bc25e97216,Mani Inc,2025-02-18T06:10:26,709.8568411454255
eb352265-01e4-4b7a-8719-9a5e443408b0,Narain PLC,2022-05-19T12:30:27,405.46571542403416
5ff60162-2f54-418a-9635-44000d4b3b06,Nadig-Natt,2025-08-22T23:49:02,472.2277774924983
e20cc0b6-c7e4-47d0-9ab9-49b4094df248,Khosla and Sons,2025-02-04T11:52:02,600.5850465398331
ec7f764c-f0c5-4b2a-b3e5-00caae7224dd,Sarin Group,2022-11-18T04:38:04,779.670387068905
782f7726-8cf9-42b5-919d-5ce7cc716f2e,Das-Purohit,2025-08-18T03:15:35,484.13337048475375
8b448a1c-ff7e-4c3e-8948-61534e68f86d,Soman LLC,2024-04-04T03:14:22,498.63919356190627
1cd0ae2f-0bce-4336-b090-b1fd3d6df65e,"Agate, Sodhi and Dyal",2023-08-07T22:20:30,751.1814023690215
ebeaea86-6c1a-49da-81f1-a8d5be6930cb,Sani-Bose,2025-03-17T23:16:33,720.0000418508199
f5aee350-3c2d-4074-8cee-25a818e937b5,"Ben, Bhalla and Roy",2023-11-18T16:59:13,628.617631016232
f7f26e36-0283-47ed-97f0-5a59bc678b1e,"Keer, Batta and Behl",2022-03-02T03:47:53,494.51762093785914
e3b0bfca-1be8-4f07-8325-a3cf64b1fab4,Dayal Ltd,2023-06-07T07:16:27,627.7478537689034
92135919-04be-4f86-8a35-21fa92a0ac39,Choudhry-Kadakia,2023-11-05T22:28:57,719.5223483810347
236cc113-ebf4-4992-8781-19363ea4559a,Patel and Sons,2025-06-17T21:45:09,429.24359560833517
3f60912c-86d6-4f85-a13b-b7b92d2b55d5,Agarwal-Datta,2024-09-05T17:06:53,541.2151798321331
f17ac698-1b48-4561-bbd3-cded54ea3a7c,Sachdeva-Sidhu,2023-04-04T02:30:06,630.9533985826978
cb813798-80a2-4eb9-8233-b7157dd8bb09,Modi-Choudhury,2022-01-06T21:50:50,497.44657696542777
1a77aa98-a847-4261-ba5b-427174930e42,Rana Inc,2025-07-06T22:31:31,587.1483438604562
9d7790d0-b34c-4989-904b-84b67c2230d9,Pingle Inc,2023-02-16T10:16:56,606.1064931492543
1f073954-bd51-477b-ad3a-ba4a054804cc,Dara-Hayre,2025-12-05T01:22:14,777.2391303483877
612910a9-4788-4c0b-90a1-723a5e54d292,Dora-Solanki,2024-01-14T19:05:47,564.5257145041733
03475def-762a-45a9-97da-d5fdc44fd38c,Swaminathan-Krishna,2024-05-05T02:08:10,578.9271793173523
e7d59bd4-4802-4ac4-8870-dda250f0f707,Narang-Natarajan,2024-08-27T21:16:09,633.4395028134004
8befc3ac-4658-4d33-829c-405b021bceae,"Choudhry, Jayaraman and Dada",2024-12-08T10:53:33,588.5964971469607
f355611a-1f64-4e51-ada2-d2354557ba17,Behl and Sons,2023-08-29T20:09:21,598.0556800816234
78b7a9ba-888a-4d25-a832-29d2fed1e250,Hora-Chauhan,2025-07-27T01:45:40,634.2355294649439
a793b5de-0a2b-4c0b-91d0-e2e813ac9296,Chhabra-Raju,2025-11-12T10:15:34,401.81156508111025
97c9df4d-f8c7-479e-bf5b-b2427f4e9680,"Mangal, Mukhopadhyay and Bhatnagar",2025-04-07T00:23:24,491.4924788933384
fa611150-ca15-4ecb-8cf6-15deb3e57a73,Sundaram-Sood,2024-04-14T20:18:01,645.4861797550228
3e9d521b-cd27-4fba-87f7-891cd0b49412,Varkey-Pathak,2025-11-18T16:48:32,460.75186432774564
e39bcb86-da2d-4988-9145-9407a02db7d7,Bains and Sons,2022-11-15T02:02:31,722.3968618136905
e1ec91c8-2160-4f5e-a198-9174fca1bf13,Bajaj Inc,2022-05-20T19:56:52,408.09622472478134
ddeaa742-d69f-4624-b063-3096b6b2ce5a,Chhabra-Rajan,2023-01-21T14:56:43,523.9644959591134
5a14fe8e-615d-43cb-9ec5-f061785c9979,"Malhotra, Kade and Patil",2024-07-19T17:05:43,747.975265116564
3cedc3d1-c3f7-489e-8593-a32cf4e76af3,Sinha Group,2026-01-07T16:37:11,454.3926789306648
bfbf84cc-8789-4fe6-b8d8-b34fca34cf66,Suresh-Madan,2025-08-17T17:31:20,645.1392624353007
8756547c-e82f-458f-9f5e-7805db7a60d1,Chauhan Ltd,2022-05-06T20:05:16,676.681133294838
692f13d1-7686-405e-90f9-f86313463358,"Chaudhuri, Halder and Naidu",2022-12-02T20:21:41,435.4927609114304
21b3d385-d427-48da-a1fd-f0fb99a1d6b0,"Rege, Arora and Bhattacharyya",2022-09-17T17:55:23,707.8552093168428
9f3ce559-cea6-43ef-8dd8-45a5ba65b6ed,Magar-Hayre,2025-05-02T12:13:03,707.2686197739079
8f85cf47-2525-4500-ab37-67115b9ef249,Gola-Rajagopal,2025-09-26T01:41:40,486.8284608748319
aa4f027b-e536-4f22-8301-ccea6205e27f,Bava-Kapadia,2022-07-26T09:01:24,459.6889404838608
f62dd8bf-bbf9-4b22-97c8-cd132a90cd7d,Ramachandran PLC,2024-03-14T14:17:59,613.7064185339548
4aa3e1fe-13a9-46a3-b44f-32777352ba10,"Lalla, Madan and Garde",2022-10-22T06:27:27,703.256676393764
b71241d1-6573-4ad1-869b-d289307c0868,Rau-Rau,2024-10-28T01:42:57,691.4580375444675
8806a5a5-8605-4345-9040-51cfe6387821,Manne-Dey,2023-07-20T02:20:13,680.2491263221625
2191a7d8-bc92-4a06-949c-e32b63c94231,"Lall, Chopra and Tank",2023-10-26T12:16:52,516.8651210391002
388b6abe-5cbe-4300-897b-649509330f48,"Grover, Keer and Dugar",2023-11-30T02:45:35,614.381856890947
fd78c5b3-95fd-461c-8861-228e0459afcf,Naik Ltd,2024-10-26T05:54:10,594.0531259594991
7fb10830-ccc4-4c75-bff7-3c656edddfb5,Barad Inc,2023-05-26T14:41:34,725.406293070304
79a222b9-9327-412d-bafd-8fb11ad94388,Kala-Batta,2023-07-18T12:58:49,464.124795673433
53e7f075-cf80-49f7-aa7c-21588ec59f07,Tiwari-Mallick,2023-04-27T08:18:54,578.1994788991406
c3b38ba8-b8fc-454f-97cd-9c99ffe02a0b,Bawa-Devi,2024-03-29T20:42:01,474.188168140617
d994f87c-1fe1-4da4-bffd-3a68cf10a64f,Gade Ltd,2024-03-15T08:39:52,543.1769276478844
54692e22-727c-4536-81ab-9b78a33184b7,"Biswas, Acharya and Wadhwa",2023-12-19T14:28:42,786.3950526919718
677c5020-baee-4473-934e-763016c5912b,"Ganesan, Sachdeva and Natarajan",2023-09-03T11:22:50,466.0369491902438
9b00f7c0-e110-4efb-80ff-b4f8a9a3b770,Mital-Ratta,2023-07-24T02:07:37,760.745633707636
a4a63d34-be9d-455f-8a04-a8e9e5c912dc,"Hari, Dutt and Dar",2022-05-29T12:38:35,664.8854867311761
f5e26937-5033-4f99-871a-cf909ad90986,"Agate, Iyengar and Bava",2023-10-18T14:41:30,750.9733526809222
326adae1-0c6a-4205-a642-f83dfa4b3c3a,"Sood, Shanker and Wagle",2022-11-22T17:13:18,517.5102874684834
adde516a-ebd3-49ca-9ebd-2ab2b5c24741,Sami-Natt,2022-09-10T22:21:01,558.0553864062897
d8753bb7-379b-420a-aba4-d420d58f198e,Narain Group,2024-12-26T15:20:39,790.9164835926456
11fb9dde-e568-46a1-9e48-16269df2b046,"Ghose, Chowdhury and Karan",2025-02-21T15:58:13,678.7019921989161
466e8e00-a90a-4d71-bde5-2bf6093bfc72,Saini-Sarkar,2024-11-11T02:59:45,636.577364391403
7a208f29-a9a5-4699-b4c1-3a6bd35e12db,"Mall, Thaker and Menon",2023-02-18T10:49:22,531.6226136125049
1c7a5bf0-c0ab-4be0-b6ed-901d0e9b42a0,Comar and Sons,2024-03-03T17:40:49,750.8800412974402
8eea67b8-c92b-4c53-83a6-cb8a2fd30718,Dhaliwal PLC,2023-01-08T16:45:35,634.8160594139079
f5456ebc-f253-4a9d-a0e0-8556b43f3917,Ratta-Nadig,2024-04-03T20:56:00,507.2322076582404
84d28472-aa89-47b4-98bd-26d8a203dd4d,Subramanian Inc,2024-11-19T20:08:59,536.5673192120742
db26a04d-8d2c-4c56-8257-a6e9c37dbe15,Kakar-Hegde,2022-12-06T15:31:20,707.3780150283935
5c47cf5e-cf09-4f79-ae56-478e3633fea1,Sekhon-Sekhon,2023-09-16T22:08:38,465.1176717704311
9bd6090b-271d-4b88-a3e8-7a5bb0e9aa6b,"Raval, Vohra and Tripathi",2024-05-07T08:30:16,704.9225043655715
c05afdd4-9510-4237-9342-1b7dfff78cf3,Sharaf-Sura,2024-12-30T23:52:00,428.52002771853597
e802e554-e703-4926-9f13-83ceb5f547ed,"Swamy, Srinivasan and Venkataraman",2024-04-10T19:01:23,510.9908431348035
e263dcb3-e9dc-4249-a14c-26802181ab92,Barad-Kohli,2025-03-17T14:23:49,435.9771673444879
65c7644e-efb3-4c5a-a528-8f6bd4cb66d1,Tata-Mannan,2023-04-03T06:31:40,674.1490323454125
d758a6e9-1b5f-4128-bf4f-d75bfb6ed1bb,"Khare, Patel and Wali",2024-09-08T20:30:50,614.1004988555501
a81e91c2-7416-4cd3-b92f-cc1ec9209e9f,Chopra and Sons,2023-10-17T04:20:51,580.5407040712764
cbe01d8c-d6ac-4d6d-bdea-278050791979,"Barad, Basu and Warrior",2023-07-24T22:06:08,692.5532745069199
483a847d-83f0-49c4-97b8-3119c8d9bdf6,Tripathi-Venkataraman,2025-08-28T08:53:09,721.5208927270464
b172c3ee-728d-4057-ab25-361f98684da1,Lall-Tara,2026-02-02T14:21:20,752.097194655249
8cea11c6-f0ac-4ee4-ba6d-dccc2412dc54,"Garg, Desai and Shenoy",2024-05-29T05:37:28,693.662807438013
5e07d55f-1bac-4a25-9f4f-764664c6b88d,Dixit-Dhar,2025-09-01T01:09:04,741.5856866928965
414b589a-09fa-4316-9e78-e1598090d566,Walla and Sons,2022-06-24T09:53:02,760.3226996773476
5966e9eb-d802-4663-a76f-80db6d48f027,Kaur-Mukherjee,2025-06-26T14:02:13,600.2018096289878
c8db6661-d513-433a-bd1d-8d4a7545dbf1,"Sekhon, Dayal and Agarwal",2025-03-24T17:04:37,458.84386050678756
fe7fe8df-d38d-4709-be15-62ee4dbc0383,"Majumdar, Chandran and Tripathi",2022-06-28T16:07:42,560.1404776826976
b96df848-db2f-4acf-a891-7ffb92a087d3,"Pandya, Dara and Rajagopalan",2022-11-28T14:20:52,699.83181580223
24955284-be53-4aa4-8129-04fe1bdf2647,Verma and Sons,2023-02-13T06:10:07,717.6596867158903
dc9ec86e-5c77-43b1-8f85-eececb259b4b,Sawhney-Singh,2022-02-18T23:33:07,442.65732369620156
0365d0ec-1244-4ecd-8dc7-7cc235707873,Palla Group,2023-09-29T15:32:52,741.4316103062602
96a5afe4-5d2b-4590-86fe-76e276b33433,Nair PLC,2022-08-12T14:15:51,696.4000035270296
11e5c246-c5b8-42dc-8957-177273ab330d,"Subramanian, Narayanan and Thaker",2023-08-08T07:19:04,543.8459585937607
95a3f2a6-989d-473c-bf29-7301744b41bd,Dua PLC,2022-07-08T02:36:34,699.4422084330688
bcca0f8e-b841-430d-88f3-94894e31c4b8,Randhawa-Choudhury,2024-01-03T23:08:13,684.274475741357
49df0ef1-531d-4df8-9f95-ed2851cb1c3f,"Narang, Date and Tara",2026-01-13T19:21:33,651.0974133930197
81d68507-ca0e-49db-99a1-ef1aa4ef88e2,Sandhu-Thakur,2023-01-09T00:02:16,698.7634732884471
c26f2149-c96d-414d-979b-41e15e285658,Nori LLC,2023-10-31T14:37:47,592.6364696706823
4e348bed-c4e9-4955-8279-db657e9eb739,Bath-Raman,2022-02-24T11:50:04,610.3699693816071
d27b5054-2c33-4479-9485-9027ed3a906c,"Gokhale, Bobal and Peri",2025-09-22T12:02:18,484.0104448135603
4b0174bc-208d-4004-b5fc-cfbf9a8ec2b4,Kara-Jha,2025-04-16T06:23:28,495.32898111046245
33d43e71-fa8a-4c0a-a675-0bd097406085,"Thakkar, Rege and Ratti",2025-12-29T20:45:55,737.282347926654
27f98036-c8ae-4cd3-9977-105c6baa7d84,"Balasubramanian, Konda and Merchant",2023-08-15T05:39:13,616.43518309341
de7c0143-9d16-418a-83fd-7eaf9e463e6e,Palla-Parmar,2024-11-15T01:43:02,777.8996238115396
ae03d5b6-3d6b-4ae1-bb2a-601bcf90f627,"Dani, Saha and Kamdar",2024-11-19T18:22:45,481.59274707295845
4c6dd8e5-b089-489b-b540-95bf3c98f014,"Dave, Borra and Dhillon",2025-03-08T01:54:29,601.6985865056896
c1feb4b4-88b8-4746-b842-a94c6eb89ed1,Bal-Nagy,2022-07-03T02:50:43,477.3763877228732
58c97ec9-103e-4e81-83a3-4f2aa8068e40,Aggarwal-Mander,2022-12-26T03:17:48,500.8632321511574
d122ff7f-c20b-4e2e-bd13-f9c1128df1b5,"Bala, Shere and Subramaniam",2023-06-25T05:11:19,489.8936513556287
99870aa5-9fe3-4dc2-97b7-3e2248bffb3b,Rau-Bhasin,2023-03-24T02:29:34,481.15288980289995
6974bfd3-a69f-4a04-9598-464d68e358ff,Oak-Vyas,2024-08-02T06:33:37,635.7634729893834
ecad1719-6537-4694-bb01-62e6bd9dd681,Patil-Luthra,2022-08-22T19:13:31,621.7960103687055
13d7d9f9-1b59-4e59-94f1-a41408c33c78,Lala Inc,2022-07-08T09:33:03,591.526335652701
284bd60c-e27f-49d4-83b8-a88d7baffae7,"Buch, Dugar and Sagar",2022-10-04T12:59:35,613.8868538207072
d9f7f035-410a-445e-9137-acfcfcf28e57,"Bhatnagar, Chad and Choudhury",2022-08-20T11:06:25,692.9436118739488
5e75c956-d686-4b74-944b-fcb8c9ca2cc2,Chakraborty-Natarajan,2025-08-20T11:25:02,636.4303662469313
b7e480a5-6cc0-431e-8620-351f11ef4eaa,"Madan, Mitra and Ramanathan",2024-11-05T18:43:44,635.2820949880754
7d94b8e9-a3dd-485a-8e6c-6dbd110ce9cf,"Sama, Sarma and Hayer",2023-09-12T01:55:58,561.0051533829338
0e1c2d88-f2a5-4f9d-94e9-8f15abd6e1f0,Kannan-Patla,2022-03-28T03:40:13,402.7636543498109
06165b88-c5ea-4df2-84d8-41699e49b9e6,Kannan-Keer,2026-01-21T07:21:49,641.3742958193579
18c579a8-1c43-48bc-8e6a-1fdc42353f65,"Ben, Pai and Mitra",2024-02-26T10:34:06,443.56583642240497
3974d14a-22d0-4695-95d6-86bd58edbd0d,Koshy-Rau,2022-07-19T03:22:09,412.89174123824057
7dd7bb1f-da71-4895-accc-d5f796df98fa,"Rajagopal, Bora and Choudhary",2022-08-17T00:00:41,412.58613417482576
1f29f1f4-7a47-4904-8f50-bad91e2a57f8,Samra Ltd,2025-02-06T12:58:37,715.0310099067777
600d40f9-7501-4fb2-ad7f-a3a3faaf4de0,Garde LLC,2025-03-29T09:33:12,659.8686729112476
11d2089c-487c-4b91-8cfa-ddbf3a1a5600,Sankaran Inc,2022-01-14T21:20:15,519.9327050783951
3066ec03-14f4-48ec-84d9-549dd53a832a,Ramanathan-Kapur,2022-08-26T11:04:04,522.0504330695967
bb555fc8-3c8b-4a8e-a0d3-866e27145e90,"Ghose, Kunda and Subramanian",2022-06-21T23:41:31,532.7974656955157
a1195d5f-d617-45d1-ab05-93cc8a18b0d6,Bajaj PLC,2023-05-01T10:32:10,425.4899524201518
a0ce9b2b-3f93-4693-baee-cd3d297664f3,Acharya PLC,2022-09-28T16:52:25,515.4060088795471
68ce0e98-2cab-467b-be45-e459cf39cbfc,Raman PLC,2025-02-18T04:52:35,783.4840321643178
2dadf5a1-d66b-44d7-b25f-9a3a8a03dac0,"Shankar, Raju and Patla",2025-03-04T07:17:48,457.1382761817025
cb923903-8904-449c-8998-95a99b3f6ffe,"Yogi, Prashad and Kannan",2024-07-31T06:38:52,553.4164083916716
9546ab50-b8e3-4952-ad7e-79eaa1dfa176,Narasimhan and Sons,2025-02-19T19:25:08,424.9074589377842
ec2a6c4c-7db0-42f8-936c-358b7175bbec,Patla Ltd,2022-09-05T01:57:50,792.1211305522384
262224b8-bd50-4c4c-9ce4-6601caf8921a,Zacharia and Sons,2025-12-12T17:48:13,725.5187470625388
3bce8d01-44d8-4b3b-adf2-ea548db2339a,"Sachar, Sagar and Ramanathan",2024-05-05T05:26:25,483.83388925026463
6db3479b-328d-4498-8802-a34083674ab5,Chaudhary PLC,2025-04-01T00:20:39,483.0194469182296
a8132530-4d8d-40a7-bf34-103d3ff2dd47,"Jani, Murthy and Raju",2022-06-06T12:12:55,569.3494177457897
8e1bf9d0-b750-4b91-9cf5-e65e61d1f478,Hegde LLC,2024-10-24T12:23:37,474.40505747723597
ec387ef7-7139-4325-978f-9085ae47ac65,Shukla-Dugal,2025-03-19T02:47:54,606.8743071813883
83a0bedf-00ab-429b-9a72-f37e221d0e44,Sodhi LLC,2023-09-14T06:53:27,571.6384012174861
bbd4d0b1-ad36-4b1c-b906-72e9daf418fd,Gala-Muni,2025-07-26T13:20:48,783.0209145678189
8b014fab-b38b-491a-a64b-aa234b3b45dc,Soni-Nadkarni,2024-07-21T04:12:05,589.0247738217511
e2503a43-deca-4edf-9329-0f5b8dd3e66a,Choudhary-Kumer,2023-08-23T17:47:35,688.2937224474981
6670a245-05a8-4187-abf1-9071cf39a4f1,Kale-Suresh,2025-12-06T10:26:50,638.0148269928013
bbb4511a-585f-42e4-85f7-69a87c7d9c39,Krishnamurthy and Sons,2023-01-14T22:02:44,743.9930129587681
5d9a7fa9-c951-450b-8aae-4cc4e49e2c8b,"Sha, Aurora and Ramaswamy",2025-09-14T19:39:11,513.1571320447681
c72d0cdf-6e18-49ca-a007-ec73d9e3a6eb,"Bhatt, Chatterjee and Sarna",2024-04-22T04:47:13,639.6642654914352
7d1cd83b-fa7f-467f-b773-498c7df3ca55,Memon Ltd,2025-01-13T06:59:50,666.8446486843382
686c90c4-5986-4fa5-9290-87be5f610016,Kara PLC,2022-05-29T19:59:03,790.5235395729701
87c6496d-0880-40f5-ac33-a332a145bda7,"Pandya, Dugar and Saxena",2025-11-03T07:05:42,594.8510352638426
2e522e5c-2900-4ee0-b6fc-44292feb55a8,Bandi-Chhabra,2024-04-01T10:56:20,569.7580116679613
7d6e962b-1cb6-46c4-b61a-6c417dc60695,Bhavsar Inc,2022-11-07T03:05:20,778.4830981948564
ae87f44e-bbb0-4468-9719-a8f88759e790,Thaker-Kadakia,2025-06-18T18:40:40,711.2398070326237
c9c2f265-d831-4f91-8e99-32f0d7c101da,Varghese PLC,2025-03-17T06:42:06,582.6729058568576
fd4838bf-e8ab-456f-b975-e884eaf6953a,"Lata, Mangat and Bains",2023-12-20T17:30:53,722.685823656273
78d8c3a8-4fe7-4049-9440-27eb36bee126,Bali-Lall,2025-05-28T17:46:40,627.0052734231364
58b3cc05-9044-4f91-8aef-f35d917d9af2,"Kulkarni, Venkatesh and Shenoy",2022-07-25T16:17:02,771.7197814948044
a38c16ca-a6fa-4542-91eb-081026e1a2fc,"Gala, Mahajan and Baria",2025-12-21T01:27:50,675.7848858478428
89b7bb3d-c043-4eb1-a752-f43fa6f6fe93,Sachar Inc,2022-09-19T14:06:14,730.3745629424454
712e7372-3c32-4980-b84e-6a5bf53cc861,Chandra-Kapadia,2025-04-16T15:16:18,566.8059859629036
d9121ac5-cb41-462b-8c5c-f7620039d09d,Viswanathan-Nayak,2023-10-09T10:47:33,736.4057702571208
d6e286ba-09b3-452e-999f-4e0c9fbe5550,"Sanghvi, Ghose and Khosla",2025-03-11T20:20:09,648.2877116272414
54e0ebf5-dc2b-4f35-9e1e-96f7ffa3bd54,Khalsa Ltd,2023-02-13T18:20:51,444.18215118918215
d18cfedc-35ea-4802-ac94-7a2c88094cd1,Patla-Sabharwal,2024-01-27T19:28:22,523.3662943098309
a7dc9de1-af96-4757-8d38-84abd43b42ba,"Yadav, Nayar and Jayaraman",2024-04-06T22:05:03,682.8762067657443
0eac5a73-ec6a-41d5-87af-01d63c6bb6b4,"Sur, Bava and Kota",2024-08-13T18:06:21,637.4237395616072
760feef6-f0bb-4f34-8754-6fdf55b8c080,"Yadav, Dhaliwal and Tella",2024-03-13T15:52:48,713.0844697073267
a26100c2-5c2c-4337-8262-0c778a4b60fc,Basu-Buch,2022-08-27T06:54:21,794.8916061628114
e2d26c8d-74a6-4a73-b0c0-f60f459b841d,"Joshi, Chaudhuri and Sehgal",2024-02-01T01:49:57,678.4350192247462
73067ba0-2f9d-4911-b0b7-df62aa2f4dc3,Wali PLC,2024-12-10T06:16:55,624.7075261477113
178eda23-60e2-4086-8f08-0581f61b320c,Khare Inc,2025-01-19T12:24:24,571.5030801513715
95c49e6a-c660-4740-80f8-913f21447da5,"Parmer, Batra and Rege",2025-08-17T10:35:06,743.8137772185075
5784e101-3392-496e-bf2b-66d1cd98d463,"Saraf, Lala and Kala",2025-04-08T04:40:39,708.83484348728
2f434f21-2a47-4563-b6b8-d231e4063508,Wali LLC,2022-10-02T21:37:49,668.185336226534
95dab16e-e3cb-49b0-ae1b-f88597cd3547,Pingle-Pillay,2022-12-16T00:26:07,780.4967814783713
2de8780d-f822-4572-a2a3-fced1c9e0c02,"Wali, Sankar and Nadig",2023-03-22T01:02:36,406.08690926934236
da7cf14b-65b8-4707-bfab-3af70a66f77b,"Kamdar, Ghose and Chauhan",2023-06-10T10:21:49,591.2754468803896
8cfdf1b9-9dc1-4d7e-bbec-70dd0befc6a1,Kapoor-Bhardwaj,2022-06-12T17:46:55,566.4219379178166
d1ae8d17-797b-4ca7-b87a-c7493f365d39,Chaudhari Group,2025-10-05T20:48:09,691.0401832048392
ef9d8355-5ab0-4a25-b22b-952be1358eb2,Tailor PLC,2024-04-13T17:58:50,738.417048790113
5213590b-3b60-4450-8f97-23dbd36432be,"Saha, Sodhi and Lanka",2022-01-03T21:18:37,744.6743748173656
72bc88f7-3df1-497b-a971-92416b204983,Hora-Balasubramanian,2023-12-30T19:19:12,528.1340175848742
fb1f16e1-5afc-4d6b-a65d-874d12610dc1,Yadav PLC,2025-06-21T06:50:21,479.60794179238076
d8119d4b-499e-4b7c-bed3-c0132e8a3b63,Gaba Ltd,2025-03-09T03:37:57,617.6622018239045
e9937fe5-d657-422f-8600-b43e2e2750d9,"Chad, Yogi and Naik",2025-02-05T08:20:57,430.41437987169815
0fc0249b-23a9-43a5-8add-ded4bab6d2fa,Pingle Inc,2022-07-10T01:00:42,449.0041279057028
9ecdb7a9-b73b-43db-a36b-b69ac7a27d8a,Muni-Chakraborty,2022-05-20T13:39:25,606.928184458464
56fdbc06-1053-4f02-87a4-e5436fa9dafa,"Hegde, Bahri and Narula",2022-08-23T01:47:53,518.747580306455
f18b3496-79da-481c-862b-3c5dd9f7b3af,"Atwal, Upadhyay and Rattan",2023-04-23T22:31:42,447.95224035144594
4e22d8ff-b6b3-4d15-a69b-0872e84532a5,Pandey-Mammen,2022-12-03T19:13:40,445.88725622015767
1981a0b2-8508-464e-bf10-89c63bef7129,"Bandi, Madan and Koshy",2024-07-25T21:21:16,500.7655210182685
76bc7c7e-93d3-4810-879d-3080883ff462,"Bala, Narain and Babu",2023-09-26T19:12:23,703.5681063989839
3f0a51bc-ee75-4e96-9b61-fcbb7758744d,Kapoor LLC,2025-04-14T12:02:33,665.9374692130796
29ce2b9d-62f6-40df-9e7e-51563d383c28,Loyal Ltd,2023-02-09T10:22:14,591.006522204563
5d22e9bd-e44d-47dc-a43f-b48402774317,Deol Group,2025-12-15T17:04:26,775.0290486620398
31e2d245-a49e-4c6a-a1da-4a0f6c523009,Kaul-Bhatti,2024-11-21T12:05:52,536.4732983078477
288d0f75-63aa-4220-b1ae-68f268fc2202,"Ram, Tara and Chauhan",2023-09-04T15:44:14,465.1267038293521
2c0a6277-4924-4326-897e-8df23c98cf1c,Lata and Sons,2022-11-19T07:15:14,725.2977447506921
1b6c8150-edf1-41aa-82b1-e04443e6834b,Jani-Palla,2024-08-24T16:06:21,442.3521980192875
4ef3b439-8f20-4684-91d5-1eb9e6289c05,Sachar-Sekhon,2024-08-29T13:02:44,777.101983649577
748405ca-55a9-4f33-a641-791938d6e791,Sathe Ltd,2022-04-07T06:10:57,516.5017734647447
3c1bc79e-7556-4725-b115-777c020213f6,Bhatnagar Group,2024-01-22T21:19:39,625.9649885101775
08c63bf6-49c7-4cb3-8aaa-e11fa0bdf86c,Yohannan LLC,2022-09-14T08:26:59,605.2371569328935
df887021-0fc5-43db-b902-bc96eecfeadd,"Misra, Ben and Deshmukh",2025-11-04T16:33:26,788.1889190960038
a23950f7-efd1-4a23-8040-47932b3e7f70,Swaminathan Group,2024-07-15T06:07:37,513.5247093965891
2289473a-3d8f-4e33-a43f-cc277ac2cee8,"Gandhi, Kakar and Banerjee",2025-10-18T18:54:45,469.22391163392314
8cd9f2df-5dce-4704-b57b-78fd3eca5eb6,Chanda PLC,2026-01-24T04:26:17,558.6434807460412
b531e4d8-163d-4291-a88d-4aef805af75e,"Mohan, Narang and Bansal",2023-04-05T23:15:39,785.0648615307053
20cd9442-09ed-479b-9d70-e081c503ba7c,Ganesh-Singhal,2023-02-07T14:03:04,760.0273700249305
5934d3d5-a14a-4e7d-99a1-827060461126,Bhat and Sons,2025-03-12T16:55:24,646.6409301598771
348f1c78-8961-4d8f-a3d1-676a4e34b5cc,Ahluwalia-Kadakia,2024-06-09T09:37:43,708.0144889982912
5acc2d3d-d732-4c7d-a58d-73d9a5814f69,Singh Inc,2023-01-29T13:42:45,426.88109543177404
994d11c7-e508-4d00-9322-8e5443b9167e,"Srinivas, More and Mital",2024-12-23T02:21:02,697.3723078242037
3553f20e-8745-4de6-8e3c-39878a73be03,Chaudhari Ltd,2023-11-29T12:15:52,542.7866375191878
b355d13c-68bb-411d-8a0f-85635c6ff5ee,"Jayaraman, Pai and Narain",2022-07-26T15:09:44,625.0877808941113
3fcacde1-ff9b-4efd-af56-073868e9aea8,Shankar-Goel,2022-12-30T08:13:28,530.4192524368029
edc652f9-7642-42c8-9bf5-426c9860bd92,"Tripathi, Subramaniam and Tailor",2025-07-26T05:53:41,680.3513581044756
fc75a666-1a1b-485f-879e-ca55dfc5debd,Saran-Bansal,2023-02-06T16:36:35,638.6619854282412
3fcdfab1-e63e-49da-acde-7186f7bedd94,Gaba-Varty,2023-12-08T22:46:05,677.2849679751661
77e5eabb-8446-48d4-aea3-d628fe8f4f28,Kurian PLC,2023-06-19T17:13:43,753.198851048877
02701edb-993d-4a7c-abed-a21fb3901bb2,Wali PLC,2023-06-29T13:03:57,589.5663941360343
626063d2-4f4b-417a-bb32-fe3fb20a931f,"Khosla, Ratti and Mitra",2024-12-28T18:14:16,580.8887734166227
da1c13f7-e5e7-404a-ac77-355a760109ec,"Tata, Talwar and Mammen",2023-12-24T04:22:49,510.576040463025
3cb7ef64-c64d-4bdf-8398-641c19e0b2b5,Basu and Sons,2025-10-10T22:39:02,409.6922989052685
bd4dda88-c1e8-4b30-b851-7e5820886419,Sunder-De,2022-12-24T08:15:04,682.0485980781714
648b594a-b92e-4a19-96ee-fd7ba554758b,Pillay Inc,2022-02-21T16:08:06,726.8410754142803
e01cb1c5-067d-4008-8fc4-5823a8ec4a7d,Korpal LLC,2025-01-20T03:35:05,776.226448291711
515d801f-4d24-4005-bbcd-9145826dd430,Mahajan-Merchant,2023-06-08T11:51:31,783.7161839501664
3df5c725-76db-4c62-a5f3-3394fa48a004,Patil-Ravi,2022-10-13T15:33:11,650.8668485677791
89bd3b19-c6c9-4069-ad5a-3a4abf770d1e,"Chokshi, Majumdar and Basu",2022-01-28T17:19:03,487.7225537522245
dc3f83be-ba11-4592-aa50-a3ea54de8c0f,"Chanda, Sood and Chakraborty",2024-03-30T23:37:04,544.7622784374184
24d33131-c588-4338-b771-ca5746f3599b,Banik PLC,2023-03-26T00:56:24,421.91919934700263
9cd932b0-abbf-4ad2-a61b-2119a0f65651,"Kala, Soman and Patil",2026-01-23T19:50:35,438.2792270963264
bfbf5d6d-6470-453f-9ac4-fa44c01bf698,"Kurian, Karpe and Karan",2024-10-11T21:42:15,498.7064624939038
bc6f120c-9dd1-4715-bcde-e0232afd5f69,Baria and Sons,2024-10-03T08:21:36,724.2245661509737
0315dd3a-ac38-4871-9ad0-c880ad824658,Shetty Inc,2024-02-03T08:33:41,791.215985664264
4b0efce3-d4a4-4cb4-b1df-eedd941ba14e,Sarin and Sons,2022-02-14T01:28:22,616.3489127874105
7fad4cbb-248d-4312-8ced-5e2e6f2efb6e,Anne-Mani,2024-02-23T18:32:23,633.776479906773
e563bfcd-fbf8-4c91-a770-62b8009c8303,Murthy Ltd,2024-10-27T10:42:42,691.3667155973482
8387019d-2d14-4a8d-b980-6f4ec47f0c87,Sharaf-Keer,2025-08-15T21:31:58,548.7779286073992
03fdde47-162a-40a7-88fa-1d37bd35d940,"Nigam, Nadkarni and Gandhi",2022-08-28T01:55:12,699.5638445755253
475be550-c5b9-443e-9f4b-18dda6213ebf,Khanna-Kurian,2022-02-06T23:45:23,630.3263875560492
d306cae0-a919-4937-b809-ea354404638f,"Sandal, Shetty and Pandya",2025-12-05T11:12:21,428.528629560209
a408c191-f767-4900-abcb-4b187005f119,Parekh-Sabharwal,2023-02-07T14:23:05,611.6360963378498
818f3db7-0323-4a52-91fe-a2de2bd89e13,"Kade, Chatterjee and Dayal",2024-03-04T04:39:17,494.0139527788649
8f0dbd48-9422-461a-8ef6-d596fbb48195,Rattan-Sem,2025-03-25T20:34:28,774.444556455085
e4fd37f4-aecf-40b6-a165-92cefe98456e,Subramaniam LLC,2022-01-19T08:55:11,742.6320948650866
a760d9b2-52b6-48f7-8cd5-fba6d496f43b,Behl-Naik,2025-09-24T03:17:59,578.4934630576561
5d363f4f-70f5-4865-88b3-48ff4c465dff,Bail-Som,2026-01-13T19:07:58,771.9242578063349
a91d29a7-a88a-455e-b73e-623ef557f3dc,"Kannan, Kumar and Lall",2024-05-16T17:58:39,434.5163699683239
913cc91a-d496-4825-aa0e-4a7103429491,Sehgal Inc,2023-01-29T00:29:50,637.8276128099766
890904ce-4f8b-441a-b856-a6fb2f8c22e1,"Subramanian, D’Alia and Anand",2024-12-31T20:08:04,413.5511975217301
644f070f-f7e3-4290-bea0-7ed31a0e4321,"Chaudry, Kara and Nagarajan",2025-11-16T16:29:06,782.3318203672101
f668859d-25f0-40ef-98f4-24728cfb77e3,"Trivedi, Ahuja and Garde",2025-04-11T01:30:36,700.0401715938541
e78940f0-b042-45d3-88ee-c9104c4ad5f6,Tripathi-Vala,2023-09-03T16:29:51,793.0728700131835
d8fbd9b2-2f41-4456-b0e7-611f357fa5ce,Manda-Ghosh,2024-04-15T08:43:21,523.9145625213804
7ddd0158-725c-4e96-b0c9-f6faf1eb12df,Taneja PLC,2022-05-05T23:40:34,641.5083113184211
05cef81c-1e08-4bcc-a30d-69f2bbfbcc15,Dubey-Garde,2022-08-03T10:39:37,583.4981206994194
579e0096-2336-482b-a854-a546ce86c6a0,Chaudhari LLC,2024-01-16T08:55:40,409.433620447043
a6b37d67-eb56-4a58-a0a8-1252cf2f4989,Bhatia PLC,2025-09-26T09:38:02,419.67518461549014
1bd4c85e-d599-4c4a-bf82-853973ee0a82,Setty Group,2023-10-05T22:41:20,537.0499627209722
bedcfca2-2b9c-4e97-b48d-18f6cd6fbb87,Bumb PLC,2022-02-09T03:51:29,684.1024688398137
5a80d25d-76e2-467f-9f3e-fe61cd096bc8,"Ramaswamy, Dash and Setty",2023-07-16T08:16:03,752.5130369837163
973ff450-9faf-4773-aeb8-37e5e3df9df2,Ramesh-Chanda,2025-04-08T13:01:02,512.1945794887038
7edbf30c-3bac-4466-b59a-3fb7a685aa96,"Puri, Nayar and Shankar",2022-10-04T22:33:44,622.5251835721165
4809176a-1889-4882-84d6-730d86ed00aa,Wadhwa Ltd,2023-04-18T07:17:48,539.373878259097
edc553c1-9208-4772-bb61-8deb44a469b8,Narain Inc,2022-04-08T06:45:46,713.1278716166307
0a9562fd-e144-4abf-b225-5ddf431897ac,"Halder, Minhas and Murthy",2025-08-12T05:56:31,744.1622626812366
b14a6e4e-df51-471e-9d41-23599694e4ce,Barman and Sons,2024-07-17T04:38:36,481.43673871643887
1ea28dfa-2ccf-43d9-9d81-c70d9a8224b2,"Kale, Dyal and Thaman",2022-12-18T04:16:33,709.3712172533963
1e5ef6c8-f2bc-4db9-bffe-dfbcd4be606d,Naidu-Raval,2024-04-14T04:02:11,538.047924233107
41749fac-30e6-45de-a7ae-c02a0bd4e25f,"Mody, Sachar and Peri",2022-02-10T18:53:51,672.2100372089267
52080d45-30c0-4810-8fcd-aa555e5d8fec,Raja-Ravel,2022-09-05T06:33:39,549.5608566554929
db2443f2-db2e-42a3-a561-e077784e7748,Nair PLC,2023-07-14T16:51:30,454.7329241832079
1967805e-9cc6-4211-aae5-4c814064bb2e,Vig-Chanda,2023-10-05T10:24:19,665.282889149865
99518244-d140-497b-9903-e7776c3ef46e,Bora Group,2024-09-19T13:16:43,609.1081927478235
4d583835-652e-4f22-ba27-de6eadb40018,Bhavsar and Sons,2023-01-02T03:18:44,602.0175114460809
a855f5dc-f2f1-4cc6-9185-a9baaf0ffc9c,Sant LLC,2025-01-31T07:02:44,667.5648298189897
392835ea-4f42-420a-b916-00340eaa75fe,Borde-Sanghvi,2025-06-14T20:10:54,698.0069857820308
604d1e87-b1f5-4724-a5d7-19e50bdb4e4f,Prabhakar LLC,2024-11-02T05:49:51,642.5591903872089
cf09273a-4c99-4486-b049-2591c4d84084,Dewan-Sarma,2025-07-03T00:12:37,535.0736300524297
54d0f40a-43d0-4966-ad87-ecbed1f185c0,Ahuja-Sur,2022-05-24T12:54:57,428.3915563821314
a5b6df1e-5aa9-4841-8a2f-11e9d3ee2353,Bhatt Inc,2022-04-25T03:40:44,492.02264841233756
c744dd20-111d-410b-b4e5-2f47dd520094,Din Ltd,2025-04-15T02:00:19,724.586595978511
88c207a2-fbd5-4122-82e3-84dd34557b8a,"Vasa, Yadav and Panchal",2022-11-19T06:58:49,455.7119404083889
2dc492e1-5053-4a4b-a712-e7c1a04cc2a7,Gupta Inc,2025-03-25T02:45:22,427.2127956037314
cb9794c5-1b77-4b33-924f-1e56bb8cdc7d,Devan PLC,2025-11-09T15:24:19,590.7026629789921
cfc7ac56-5623-4fa8-9913-09c5bc1f5922,"Dhingra, Jaggi and Lanka",2022-07-24T17:10:21,466.4960294307697
318ba0dd-1e48-400d-8769-aa13373daa89,Rana-Nanda,2023-01-06T23:48:29,623.3173539039841
e4979c06-4485-4427-b831-02c91df79739,"Nath, Atwal and Naik",2025-08-10T05:58:29,400.303638649136
06ae90e9-32b5-4949-9cea-c0efeb065086,"Solanki, Chand and Ghose",2024-12-14T08:46:07,679.6674411044642
cdab3e8a-885b-4d9d-a8bc-490afb9c61c6,"Shankar, Raval and Bhatia",2025-07-26T04:12:05,434.4495886297981
3c261ec0-7d66-411b-a7d0-a835fd342132,Lala-Hora,2022-10-31T21:03:45,574.7720813246609
4cf23a54-3629-48ff-95fa-bd2be8b53a8b,Konda PLC,2025-05-04T09:32:55,531.403516722074
d7adfdfb-6518-4723-be89-1c054ca9d740,Bedi-Patla,2025-07-07T06:54:05,581.8975674034978
140aa78c-b0c3-49f1-a2e8-448df2fb8cc5,Savant-Rajan,2025-12-07T16:04:02,797.3217843798036
847666ca-8883-4889-83b0-8ea0ca9e6ddd,Balakrishnan-Chand,2022-11-21T08:04:40,473.3700120253263
3d1c23e9-ad71-4e94-9206-1e8a047fbe64,Radhakrishnan-Edwin,2024-01-12T22:07:25,435.60840440128254
07f3980c-be14-4977-8317-693691b8670a,"Parekh, Walla and Singhal",2023-06-18T12:48:39,637.9026407044546
664723a8-0311-499c-bbfa-43a94f09bbfb,"Dalal, Khurana and Gour",2022-03-24T20:49:20,596.6210359964474
5cb5b165-539f-40ef-9f68-f92b69828487,"Sastry, Sani and Tank",2024-09-29T09:41:27,653.3369265379938
26d547be-201d-4c49-b0ad-7de2340ecf47,Sahni Inc,2023-05-22T11:18:41,417.2558340379741
29a7c15f-8681-4e32-abd0-29b26aa198fd,Chand-Bose,2022-03-29T12:24:21,747.3242993102592
2f396ed0-ed9f-4c5b-97a6-f79436a1c387,Tandon-Saini,2023-10-14T15:55:58,652.5544652946925
d9e67ffa-1d38-4848-9644-724e1b41a02d,Oak-Srivastava,2025-01-25T11:25:12,723.2332721193293
b7a046b2-db20-491b-911c-fb406dc74bfe,Brahmbhatt Inc,2025-06-28T07:32:41,509.92845390060813
ca09beaf-c608-4f35-8e29-5f628050a17d,"Padmanabhan, Roy and Varma",2025-03-04T13:40:18,682.1722838277857
c218ebde-0bdb-482d-8c08-6be0d2f460cf,Narayanan-Sant,2025-05-11T05:38:00,681.3420232298909
8e2d7db0-bcb7-4031-b22d-2af391e3d24a,Ranganathan and Sons,2022-02-20T00:44:48,619.891358709332
c03c8608-48c7-4111-a677-eb8c19da56ae,Lala PLC,2026-01-18T21:18:44,450.7058211179527
2de56fa7-d1b5-41f0-bf9e-27a41daa3ac2,Srinivas Inc,2024-06-23T13:18:44,567.4500365804777
179e1754-5f81-4056-b4d3-89151d06aea9,Ravel Ltd,2024-07-16T13:58:47,434.3421790386131
f6d5d67e-e343-44ac-8137-6289fa4b5c27,Kara-Bava,2024-12-24T14:24:40,484.05131819206383
73e0540b-d705-4c79-afa7-e9cabe556cca,"Dhingra, Dalal and Mandal",2022-06-02T19:11:23,463.3219057228761
78144c9d-583f-414d-a3d0-30e7eccd7db4,"Cherian, Chaudhari and Ratta",2024-12-11T20:31:05,521.336323746793
f99c443a-704c-44aa-bddb-5b167ed1cbfd,Babu-Sankaran,2026-01-15T08:02:25,793.3146769787809
ba7d2831-9b7b-44af-99d2-0e7e8bc3baff,"Padmanabhan, Palla and Lata",2024-04-15T15:17:24,751.9227534006507
8d82b7e1-6fb4-4546-9624-308a9fdc1921,"Karnik, Kadakia and Pandit",2024-09-22T15:03:49,763.2683144606348
4af8e2ab-01d0-42ef-ba8e-f8883b3da3b2,"Kanda, Barad and Barad",2023-03-01T13:33:08,411.09087747707855
fad06827-4a3c-4e4f-9ed5-eb36ad8a5e27,"Buch, Barad and Borra",2022-06-03T21:55:46,538.8435218193213
debfb9b1-8137-4013-8a30-ab51aee5c4ff,Jha-Lalla,2022-04-01T11:36:05,427.0727208273285
381f9f47-c359-46cc-a3f0-04046736e9f1,"Chadha, Bhavsar and Raman",2025-09-07T11:02:12,592.6741967876695
7d8bd8a1-06b2-4b73-bc38-2e3c7d93d01b,Nagarajan-Bhagat,2022-08-29T17:33:22,683.9786689560509
f86089f3-cc0b-4fe3-85d2-418593d1aa8c,Mittal-Choudhury,2023-03-23T12:30:23,418.3892464759521
167cf3df-e826-4d9a-969c-cd3886deef47,Sem-Jaggi,2023-08-16T12:13:46,748.9148880745549
26c031b9-0502-413a-a611-7c3c2c0b2eaf,Prashad-Sarkar,2025-07-10T21:30:15,619.7429350964219
966e2a25-b18f-4e41-be87-5a83f5cdd76f,Kara PLC,2023-12-04T05:48:26,718.3341585368015
0b5e252c-3dbb-4e9d-93e3-fcae17678718,Kade-Kade,2023-02-09T14:16:15,539.7200993478883
4adbabf6-d8ad-4358-9796-e7ce3bfc7b87,Mannan-Khosla,2025-09-22T22:48:44,755.3019055093572
c04f2836-2e3e-4a90-994a-dfba32e2f05e,"Mahajan, Loyal and Tailor",2022-08-05T06:42:31,407.15574647678886
74e44a5d-f5e3-4e74-aa20-83b4a40a88a5,"Prasad, Suresh and Dewan",2025-07-15T16:59:35,471.1936903797232
3d8b8a9c-2662-4c32-b943-7d6a8e16d4e2,"Luthra, Chander and Kanda",2025-10-26T11:52:10,465.41743229182725
9aa96810-5bf9-416a-ac98-61e18aaed833,Kadakia PLC,2024-12-30T17:09:02,593.1820247900955
0ddd5c2b-89c7-44d0-b8b1-f61de3ffaef8,Bala-Iyer,2025-04-16T23:02:38,616.3490728933446
a50b24d9-c983-42c2-9562-3a95d7adb3c4,Oommen-Sha,2023-06-05T18:08:10,748.3672455508049
b19557ad-104e-4c73-a8ec-9b59c188f96c,"Narasimhan, Acharya and Sachdev",2024-02-19T19:48:59,486.965823983533
ebf2b37c-7553-43d6-88da-195e895d2a6c,Bala-Ahuja,2022-10-11T04:55:31,640.7042948502946
87c7c2fe-7883-481c-8c89-c679c22e3fa0,"Kapadia, Lall and Chawla",2022-06-03T08:46:13,494.1162496139641
7782e6ca-ffec-40bb-8208-b2c897d69abc,Nair Inc,2023-01-18T04:24:18,680.6974891047462
d3934e39-1433-4b4e-9c87-c8f6ca3c4354,"Dara, Mishra and Misra",2023-05-27T03:23:27,691.1293533410097
ec87b656-58aa-43dd-8b8f-93c9444e5afe,Bhavsar Group,2022-07-14T13:47:33,735.7733546584985
737fc6d6-807e-489e-b7b8-cc56f3efff2c,"Brar, Ramachandran and Tak",2022-07-02T08:09:15,403.0828679465786
2a1c2a15-884a-4e84-b647-d6cb61211db6,Sankar-Chaudhry,2022-12-27T16:32:49,780.4659441409719
0bafae32-f0d8-4a0f-8845-d045e3d2f1d2,"Kar, Sachdeva and Karan",2023-07-28T02:24:10,732.2710932493636
ff14ddf9-97e3-4f6d-a59d-5c72f8afb043,"Bora, Babu and Dutt",2025-01-16T18:53:29,522.8085400275762
f8108e22-7326-4d99-b361-cbd7532bb2d0,Sant Group,2024-03-17T00:30:58,658.1246561498492
0f4ada61-19e9-4dbf-98da-009f2814b507,Jani-Mander,2022-05-27T19:28:37,721.0782581063105
b2bebb81-6c9e-4584-a608-d8182926fac2,Parmar PLC,2022-12-25T00:12:57,708.1874505743109
3f438d12-24ec-435d-8b77-5700f0bd0d58,Naidu-Lad,2023-01-21T21:38:59,620.5832557007585
2ba6cdf0-6d2a-4877-b367-696365f67c0a,"Sarna, Sami and Dutt",2022-06-01T10:59:20,498.84390412986824
86380f20-1ee2-4331-8f88-dd262e2cf0a3,"Pillai, Kumer and Aggarwal",2023-02-22T09:45:12,587.5705759391933
182b138d-4ad7-4969-b14a-a7395063a104,Borra LLC,2023-09-06T19:41:02,715.4154799212051
bf5d8166-5d2d-4c19-8bd0-73564bb5943f,"Devan, Bakshi and Saran",2025-10-04T12:08:01,725.8332505103231
433b71bd-2378-4511-a780-76a39b92eaf0,"Singh, Wali and Pandit",2023-02-04T14:15:53,701.8615913414908
63db8400-bf93-4a57-abfa-75d94749ecc9,"Mittal, Kothari and Bansal",2025-03-17T10:53:37,756.8445073603073
c17e8adf-3a90-48e2-b542-d9601cd3f962,"Muni, Khalsa and Baria",2022-09-26T10:01:31,624.8397330481689
a3d59911-e50c-456e-b824-3f778a27afde,"Chatterjee, Mutti and Badal",2026-01-10T09:32:09,409.0326036164903
9a79cb7d-58fe-4893-a836-83df41353ef9,Kaur-Dash,2022-06-08T08:17:20,506.0505626838466
38804b9d-df1e-4d9c-947a-2d2cfd4a97ec,Sachdeva LLC,2022-04-19T17:20:45,669.3769037336068
d16d5751-68b8-4ef5-99c2-258ed45ddb77,"Sarna, Sekhon and Goel",2023-09-17T12:23:40,496.51016307455
90dd7052-be62-4c15-89e7-2ed829f3f387,Yogi-Sodhi,2023-09-03T19:59:29,577.4765122551293
4a0e103e-f354-432f-b062-029eeea4a51b,Dugar-Rajan,2025-05-30T05:54:16,590.8728517924828
b7ebf32d-9656-4ad2-87f0-3fb7cebd825c,Balakrishnan-Kota,2023-12-29T16:50:55,429.1843314342156
dc8865dc-1627-4be3-ac1f-43e4fdd724a6,Kumar-Oommen,2024-06-18T01:04:03,475.2170653305785
1a1f4446-9419-45bd-8d8e-914b34c54fe7,"Murthy, Sant and Kothari",2023-06-05T01:17:53,605.3294479526098
4f7a8500-7ef4-407b-bab9-06dee6f0a794,Narain Group,2024-08-04T14:12:02,494.6778038846682
e3787e79-f54d-4853-ac6d-69580c07d9cd,Nagarajan-Hayre,2025-04-07T19:56:49,736.4489465165811
e1691b26-2bb2-401d-9000-c38fb22bce82,"Dora, Raju and Lala",2023-11-26T02:38:16,590.7705439015974
58c9d7bd-ad3e-4966-a80a-120f28b1889c,Sawhney Group,2023-11-07T08:20:42,443.59392158853365
ce123adc-a6c4-4e4a-8850-6c173b52ef4b,Apte and Sons,2023-05-08T07:25:18,739.5828105691105
ed035805-7a5e-45e8-bf92-ad78f43dd243,Rau-Dugar,2023-09-29T16:43:56,773.6229870527371
9943574b-aa40-4776-a55d-cdc7a729fe52,"Mannan, Rajan and Muni",2023-06-12T15:33:40,462.48090070213897
5ae59974-c098-47d8-adcc-1ea6bae753bd,"Sehgal, Puri and Kari",2022-08-06T13:17:19,546.230634742838
d3eb1538-1f23-4373-bb21-c0174d337cd4,"Shenoy, Sarin and Ravi",2025-08-25T19:15:19,726.1850098800685
f03567d9-39aa-44dd-b9fe-0e9370cffde7,"Shanker, Randhawa and Savant",2024-04-22T10:30:32,427.205193999423
2457f8a4-4815-4a72-9cb6-3beabed04052,Kata Group,2022-12-09T17:36:16,435.9547313567013
c9f4c182-325c-42e1-88cd-c9e99d964f58,"Prakash, Sarna and Babu",2025-07-23T12:52:23,521.5750848404649
c3c59082-a987-455c-a620-970b6dbf0c49,Dada-Sahni,2026-01-05T20:51:59,721.6024672327774
1b0890f3-f4ea-4238-894f-2ee6ba763405,Bala Group,2022-12-20T13:55:04,649.9935822041128
4dd33d14-9351-4516-82f6-c4e1fec2fd0c,Varkey-Parekh,2024-08-29T15:26:02,400.91201468751916
0e265995-501d-408f-a740-9a118a9ac13c,Pandey Group,2022-06-20T09:49:43,525.3865235850598
63a8e89d-a582-4941-9915-bc201b550bf2,"Mishra, Nori and Suresh",2025-05-04T15:30:02,603.4383344824282
4c2343f7-e7d6-4610-8346-c6f267e7f053,Chacko PLC,2022-09-19T18:22:17,474.0812823797819
a99156e4-e2de-44a0-9da3-92f037837b2b,Yohannan-Mani,2025-10-13T15:37:59,645.5021299814586
99eca4d8-4f7b-4989-afd9-7c4d15c574a6,Edwin-Kota,2023-07-16T14:47:37,641.3113908365691
43beefe9-ded7-4412-8a5a-3677a6052ad6,"Kulkarni, Rout and Lata",2025-11-24T03:42:55,627.517623346957
255c569f-86b8-4d3d-b33c-c4025886513d,"Walia, Ravi and Dayal",2024-08-07T20:28:30,550.8924235619166
07295e6e-3aa5-4aca-a726-b621c042106f,Dash LLC,2022-01-03T14:43:18,679.6807936514242
d318dade-0c24-4c3c-8cf0-63bc4e54c90e,"Muni, Khalsa and Dhar",2024-04-21T15:45:16,431.7984445243043
cc630ffc-7863-4058-bd86-0409e11c5021,More Ltd,2023-12-01T00:31:00,654.5727638826638
6f535dfa-f74b-4fd4-a9d4-5cf316cd5ecb,"Lala, Tak and Rajan",2023-11-25T19:38:37,514.4063837830467
22961b10-f33f-4599-8ffa-289d8dcdf4c1,"Devi, Prakash and Majumdar",2023-08-17T00:26:17,741.3598348728033
f84bdded-a43d-4c11-8658-94b4e561c080,"Ganesh, Aggarwal and Barad",2024-01-21T14:23:51,600.8973108319728
73a3aebd-d46f-4e60-a760-954238ce02e5,Chopra and Sons,2024-05-08T21:28:15,588.8922937123403
80fc16ae-9378-42de-908e-1cec3ab6a2a1,"Saraf, Dass and Bora",2024-04-03T19:00:34,695.0972245623179
0199373f-aaa9-4d7e-98ba-23e6dd052e06,"Dhingra, Sani and Balasubramanian",2025-08-06T16:59:22,704.25597344445
99c5f3f7-1056-474a-92c1-bc72608a841a,"Behl, Borra and Menon",2024-04-07T19:42:55,653.3132755918358
768bf9db-d8e1-472f-946a-7fd493e9aed4,Bawa and Sons,2023-09-04T04:03:06,408.0242190777678
d6f30c9c-51d7-47f4-8934-b3d95431bf28,Gopal PLC,2022-11-18T03:16:03,772.5274158657326
96b3fff2-889a-462c-864c-4d5f2b6242a2,Pradhan and Sons,2025-06-16T08:09:42,787.3116172718924
ea5bf1fb-5ee5-493e-a211-0869efcb88bc,Patel PLC,2022-08-07T01:24:59,677.9547036610725
7297779c-0468-4e59-8f69-766940dd0599,Tara-Parmer,2023-02-21T11:58:41,617.6825613053321
7bd9ad90-55d1-434e-a720-8efc47e7ea24,Palla PLC,2022-10-03T17:02:46,606.0741411799005
164ffef1-7e64-4be7-ae05-498c15053263,Ramesh-Varma,2022-08-04T10:22:07,629.2386938493139
f4d6de78-9ccd-48d8-bd06-44a6792cef1f,Raja-Dhawan,2022-12-29T03:49:41,427.91836786426677
8b2adc1c-4477-40cc-bb42-88cfb900e7b1,Baral PLC,2023-05-01T03:56:01,744.3929827360187
32f0d1b1-8256-44ff-8791-144891353cde,Sant-Master,2022-10-08T10:21:41,787.3522737053744
253d0a43-0231-4c7c-b5e8-c428c406c055,"Kapur, Gupta and Pillay",2024-09-22T11:56:57,655.9333992045325
de21f519-0d8a-48db-868b-9c137db662b0,Mani Group,2023-06-02T23:49:11,718.965519172395
963a80bd-6173-4605-9ea9-397cb7ecdbcc,"Devan, Chatterjee and Saxena",2024-03-30T18:26:25,684.6133738640576
0d063605-9404-452e-a212-c0a2a3652ac3,Saxena-Ganguly,2024-04-18T14:11:22,416.5081276628566
a5cec462-349f-4cb6-b6ba-6053b39f399a,"Dyal, Sinha and Dey",2025-12-12T16:09:03,667.5804577550855
b6c27bd5-a6b6-47c5-aa6a-16f23e8188ad,"Sha, Sengupta and Mander",2026-01-20T16:45:05,632.8737662076444
f129661a-e29b-4184-b8da-07401de76180,"Borah, Chacko and Narayan",2025-02-04T10:28:58,698.3584680613924
e49decda-3236-4e00-864c-d7a6c288067c,"Issac, Chaudhary and Choudhry",2023-06-19T03:06:59,640.6763103308227
47a109d7-5111-4d0e-b5ed-18172b2f9674,Patel Group,2024-04-03T12:13:20,700.3272844535566
8acb7c62-2e39-42d4-a109-c04750e79297,Agate-Sastry,2024-01-10T07:59:02,700.1306446943944
1d9b3c94-4551-4bb6-8bad-4a850a99b756,"Chowdhury, Sawhney and Bala",2025-12-06T03:19:16,405.1023653902968
67a15948-ccaa-448a-ba21-a0d23751e59d,Kibe Ltd,2024-04-02T22:22:03,562.9101219931754
94dcd2ec-cabd-4378-aa1a-3587a29b1242,"Kurian, Sangha and Bakshi",2023-01-30T05:35:16,490.68147331732314
a2ed908a-942d-485b-a5a2-7ddc7386aeee,"Kaul, Suri and Kapur",2025-09-09T12:23:48,771.9923279925952
61aae691-f887-41a4-993b-f217d89930f8,Srivastava-Yogi,2025-12-20T04:49:01,591.7359999649109
d639c66d-aeed-430e-94ab-74b304560434,Chada Group,2023-01-02T21:45:04,423.8574676006174
ceafb37b-708c-46d5-a84b-d84114fc4504,Mitter-Lal,2025-10-24T06:30:32,404.65674413616
60cae81e-de98-401c-affd-c05e1199950c,Kaur-Sura,2025-07-23T13:32:52,696.8507534755206
ffb62e5f-7ac3-4135-80ec-e79a18f5c703,"Sachdeva, Hans and Sachdev",2024-09-26T09:31:49,443.8559947703508
24d9a354-2408-419f-9be9-b3ee9339bf3d,"Rajan, Chandran and Tara",2024-08-24T01:56:19,760.1696720648506
bc813a73-a7a8-4531-8f7e-6fe7f0919f5b,Tandon-Seshadri,2023-04-10T15:27:55,444.5649883797946
28618c4e-22ee-42bc-aed8-4a15571a991d,Yohannan-Kuruvilla,2024-10-28T18:36:17,410.53514088763154
0bd8e24a-3e3d-48bb-aebf-93cd64449599,Badal-Samra,2025-04-21T05:42:26,612.7614621292711
1d2b1c7e-009d-4407-8dbb-82ab7806bf80,"Lala, Guha and Bahri",2025-12-14T14:24:27,688.0085067667223
cb2afdc8-eb09-43b6-a349-7101e42b5142,"Kala, Karan and Agrawal",2022-09-05T16:59:41,793.8281247577236
5e54b07e-ad14-4567-9e94-8c36513cacd7,Malhotra-Sani,2022-01-10T02:13:07,584.7224101124407
ee3ea16b-4296-4311-93d9-f04fd7b09c50,Pant-Sawhney,2024-12-19T17:32:26,656.0600750702888
d5eb9ced-a7ff-4cf4-bd00-4ccbdf2f990d,Prabhu and Sons,2022-11-30T11:02:52,564.4085192662485
db72d02f-6904-44f9-b887-90a06cd97353,Sharaf LLC,2025-08-24T18:46:09,461.66201383108694
cf6db343-e2d9-4759-8b20-f478882ff11f,"Kapadia, Jha and Ratta",2022-11-18T17:39:30,438.9928785153934
70c128b5-6fad-492d-aa65-dd239803cebc,Ramachandran PLC,2022-11-12T19:19:58,485.0413109874807
cd20773b-03e3-4664-b48a-164f50dcdb9e,Mand-Bora,2025-05-06T20:20:01,458.36755541308094
c6dd938f-53cf-4df7-83d9-75660bf75146,Uppal-Gill,2022-05-03T01:04:18,773.8700381030509
86780298-5d92-4bb2-b0bf-6127f1c7a6a3,Nadkarni-Jhaveri,2024-12-18T07:22:40,467.27022527255406
175cf6cf-613a-4870-b349-f656c2a01ca3,"Raja, Sengupta and Khanna",2022-01-26T17:00:56,642.6127679600186
dc4ec040-86d7-4539-9014-1db459fc1d97,Viswanathan Group,2026-02-03T00:04:55,633.3958975629737
6fe931a8-ae80-4140-b644-552a2c702c44,"Dewan, Korpal and Balakrishnan",2025-09-25T04:29:39,564.6885886377178
2e69f1b6-0613-4df2-84aa-985e83c6212a,Biswas PLC,2025-10-12T15:25:23,508.3602367810455
85faf4a5-fc0e-4fdf-8589-5a0f7b82997a,Pai-Patla,2025-10-22T19:00:11,717.7248238839459
e797d810-8629-4995-9f64-ffb8fe6fba25,Varty-Nagar,2025-04-20T13:18:08,485.5217327320317
955123eb-10e3-4ab7-92b8-c282c1067558,Bhattacharyya-Peri,2024-09-06T08:07:52,510.59113545787454
11b46c53-7ded-4067-ac83-bed2a88be4e4,Golla-Khare,2024-12-04T12:50:04,496.6646080600931
b47a1513-da37-4325-801d-a3a7cc56c7a3,Malhotra-Bhatnagar,2023-06-21T18:53:27,555.1555640380523
5c219775-301f-4d4d-b4b5-d2fb53f83833,Prabhu-Sridhar,2025-12-02T07:16:47,758.537896490024
5f9c7aa3-8f9a-483b-8600-c33ffd20bc21,"Gupta, Mohanty and Bhatt",2025-05-24T23:46:57,761.1646964438185
c7250364-5c14-434a-87b0-010522a24880,Kibe-Kata,2024-03-20T11:46:02,592.5493782850965
065700c0-706c-49e3-8a16-8bc5b83036d0,Sant-Sachar,2023-04-12T00:38:52,611.8470440995092
2193c4d5-f683-434e-a395-d9ca2b3ea9a0,"Walla, Mittal and Din",2025-08-17T19:59:18,553.1381356198938
8db90bed-7f8e-4ee3-97c1-91a50f154924,"Hegde, Chopra and Naidu",2023-06-15T07:34:53,742.7520419856132
92b168df-eb02-466d-8136-9d5ac79fb575,"Gokhale, Sidhu and Sarraf",2022-04-24T22:53:28,696.3663909012444
4abc89dd-4b8a-4db0-aa48-ba3cac183b2f,Krish Inc,2025-03-20T07:55:35,662.5214974134249
cdceb640-14ab-4f04-84ee-8e1c0a4bacb2,Bala-Ratti,2025-11-10T11:58:16,786.3619160039748
0d496999-b339-46e9-9e15-4305d46eeab5,Patel-Krish,2024-05-10T23:02:28,782.2309794334976
1eaa4abe-c8f3-4aed-9f02-c5c620b23ce8,Saran Group,2024-06-29T02:13:50,434.35207284287367
0e6973a9-c53c-49a7-807f-16421108b789,"Patel, Prabhakar and Anand",2022-12-13T19:26:03,641.5832480814057
dce52ff5-42e0-4805-9371-1f21bf37c70a,Sekhon and Sons,2022-08-07T00:11:26,403.74254903103906
37615034-8850-47f1-be37-17d01816f2df,"Mahajan, Sarna and Rau",2025-08-13T17:39:30,402.62542635950456
13264ea2-8610-4d33-a1a1-0297fd3c570d,Choudhry PLC,2023-10-30T06:00:57,620.2360549515622
f39a9627-2a2d-4d37-94c8-abb3d1308a41,"Nadkarni, Chahal and Sani",2024-12-13T09:06:28,490.8345787971064
eefd60b2-2434-4e4d-8145-20515854a8a3,Tank-Doctor,2025-02-01T05:01:19,420.31643827176543
44f509ab-f4a3-4ca4-b891-875500ef9c4e,Ratti Group,2025-01-08T19:42:37,694.6462880399322
e5a681cc-9e51-43e8-b0ec-777626b30085,Mody Inc,2022-07-29T01:53:44,705.474934655255
116db4d8-9757-4ce0-a75a-94330c632fed,Bava-Thakkar,2025-09-08T03:11:53,549.1409640225377
cd5a325c-0798-42e7-9fbf-c2d6a79d5291,"Wali, Jha and Balan",2023-01-08T03:41:33,774.0413797490187
7f4d843f-ea3c-40eb-b92f-28fbdedc4052,"Manne, Kumar and Nagi",2023-11-17T12:03:27,616.0885493652836
764a8f89-037b-4290-9fde-9e5f3af3c9ce,"Bail, Garg and Muni",2025-08-05T11:28:26,439.8356926308283
058dc7b9-0249-4987-8231-e76ecd11bed3,Shukla Group,2024-11-24T00:26:42,698.3683419450447
23b5f5de-b174-4615-a8ac-7f117a83f1b9,Bajwa LLC,2023-08-13T10:44:11,759.0503196118952
e0970a9d-f410-488f-b7ca-f96608bb191a,Dave-Iyengar,2023-07-24T14:30:26,500.94758558284855
70b5752d-b1a1-4dcf-9007-7226738635fb,"Patla, Vora and Shroff",2023-05-22T07:15:09,652.7365767911904
c4a231f0-0c64-4d54-84dc-65129dd0f6bd,Murthy-Dayal,2025-08-05T04:11:46,500.39687572982734
7b509aa1-5830-414c-8a55-c4d8f1f7eac9,Prasad Group,2023-08-21T13:40:09,664.4482316674272
a45bc30e-8dec-44b0-92b1-7062113358eb,Loyal Ltd,2025-11-21T03:28:08,471.9196501915701
3509e34c-68be-4133-af44-2943268f09a7,Nayar-Gopal,2025-04-24T02:54:45,524.5131817964766
89c6df92-956d-4c20-aa1a-f208a1b3279c,"Wable, Bhat and Jani",2025-04-19T13:13:18,670.6233146176642
94da4ba9-dc93-47fd-85fb-67fabec438e6,Mitter and Sons,2023-02-09T06:34:10,409.1541349467005
c74c94ff-7985-4b3c-8570-a0b5db992db3,"Vaidya, Garg and Pant",2025-09-28T09:43:41,463.5271886163735
da9ceef8-b1a1-44da-8909-bca25b515fab,Kala Ltd,2025-03-15T05:31:42,471.0841895430022
4bdd49fc-19a6-4a85-b0d8-f0e86c2ebd61,Swamy-Ghosh,2024-03-11T13:04:37,611.1085404242208
16420129-1c78-4d11-bcb1-573a3ed9151c,Gopal-Suri,2024-06-01T05:56:21,777.8086952376505
67591d0b-cc50-4101-8fa1-14658ee23d56,Bhattacharyya and Sons,2022-03-19T07:13:26,475.9890954466753
6075d27a-af8d-4776-b770-7a7bdc333a5c,Ranganathan LLC,2022-08-10T01:35:34,796.0261874477887
5eff2f8e-4a70-4cd3-86c9-bbbd604970be,"Warrior, Pandit and Arya",2022-12-22T02:07:40,762.2468002202347
98da090a-1fe9-4fd5-a0d1-9245375ed250,Ramakrishnan-Dani,2023-03-01T03:17:53,795.813891400958
b833b0c8-69c2-4ba5-9c15-5d3af9ee4665,"Vora, Dass and Kant",2022-11-05T15:13:49,505.0168517614318
23e42632-dbb4-44e4-ac0f-6e16dcb067af,"Mangal, Bhatnagar and Gokhale",2022-10-17T13:00:56,551.464533213071
1653fe2e-730a-4af5-ae09-ce7a8f473504,Rajan Ltd,2023-10-22T09:57:43,749.1833203157714
3148dc72-6226-4053-97f5-54ef5fa1b953,Raghavan-Basak,2024-01-09T10:02:28,461.5768467755781
74aa5d62-1f81-41c2-9ea0-4add0e1d1065,Sathe and Sons,2022-10-17T21:59:59,675.5021110085121
f981baeb-56aa-4030-aad1-9cc86fcf56f9,"Dhar, Balay and Anand",2023-06-10T19:54:30,635.3523615637437
b9899ca3-1c18-48e3-9b21-9f3da090cfc3,Bassi Inc,2025-10-29T10:44:38,610.8993181109668
907d7581-ed68-49eb-b85c-fe9e0e390a6f,"Tiwari, Kaur and Sunder",2025-02-04T14:05:15,401.26779868343533
a6758601-c3c9-4a51-8af5-117ec50454c4,Kar-Pillai,2023-01-28T11:13:58,681.4037040139599
a6ddd6df-0d85-48d1-89a6-666841a58418,Dhar-Narayan,2025-04-06T11:16:43,767.767328680156
9a2c242a-9d83-4670-831e-d7318b08c17c,Bora LLC,2024-08-07T03:17:23,447.10566679474823
89e0030a-de9e-4fd7-a7c0-985a6c57a913,Shah Group,2024-07-23T06:53:16,673.3417436699772
99b42c6c-3bae-419d-ab65-212f792b5510,Joshi-Munshi,2025-10-27T06:11:41,751.9174028842074
637debbb-4bbd-4c5e-b4ab-e60ecb3c299c,Trivedi-Edwin,2024-10-15T08:04:04,712.8484522420875
56c26764-a75a-4bd4-be2e-496914528df1,Nanda-Lad,2025-05-08T03:57:42,474.36990296795966
f5ddf375-ef3d-4326-9ca6-4ec35466495c,Srinivasan-Wason,2025-02-25T02:42:02,420.30199734343887
0f6b1f53-0a31-467c-bbef-de9d500b24a5,Mistry-Choudhury,2022-06-28T22:01:50,419.7700052593436
b0effac1-2f9b-496c-8709-c229f8709943,"Hari, Kapadia and Gola",2022-07-26T01:44:31,760.8378923388841
db59afb2-3166-4d1a-810c-c719809f929b,Sathe PLC,2025-05-21T06:15:41,725.4676109538593
3bf190e6-ea68-4480-8d1f-ced455ad4277,Chad Inc,2023-11-12T17:22:25,593.323910748164
2bcdf5f0-35e4-49d6-a4d3-4ccc956d95bb,Palla-Wagle,2023-07-31T10:12:36,492.6740167304111
059ddd66-c864-4eb5-9c29-538c34066d0a,"Saxena, Nayar and Venkatesh",2025-07-25T06:48:34,772.4317989413219
118e72b7-3676-4c98-9571-98b1f022ff86,Nadkarni-Savant,2022-11-17T14:17:10,609.0654629773195
65ced305-a9ef-4e3f-8b2f-b2afee2bf071,Shah and Sons,2022-10-22T05:11:19,706.0528696700126
7f88a687-e32d-446d-8a64-ce08284dee17,Barman-Dutta,2023-09-24T23:42:27,524.7204401506881
a4d654f6-3f14-4331-b5e9-62af94b1a8ec,Ratti Inc,2024-09-21T09:59:37,537.6528999593716
663d8ae7-30de-4224-b160-d70bc6ef498a,Sethi-Dube,2023-02-12T16:41:00,700.0352391340651
eb12897f-03de-468b-9731-3441c80d165b,Maharaj-Madan,2024-01-07T23:46:50,685.7013666902344
3570641e-54da-41db-aec4-d14ebf2f2855,Nayak Ltd,2023-12-24T17:40:19,431.2245759689689
403e8f84-e104-4d23-ab1c-7439c1fc472c,"Chadha, Sem and Sood",2025-12-31T05:32:06,761.1221112654493
ff9000fe-f06b-4a87-977c-2f781ce1543b,Bhasin-Rout,2025-05-11T18:24:12,721.5801839322824
09d1c117-78e2-437c-8f12-9bf006aa0c64,"Rao, Nanda and Bhattacharyya",2024-02-19T08:01:32,667.7605751939818
b792ca4c-d350-4da3-8bda-d4f95078a4fc,"Sandal, Singhal and Mane",2023-12-24T04:14:12,476.1471363364707
c90f31d3-ba10-428f-860a-c1a61fb3ae4e,"Mukhopadhyay, Sengupta and Sanghvi",2022-12-17T20:39:36,564.7882164017769
5bf39e0a-7c5c-4945-8c99-4f713db9529f,Krish Ltd,2022-04-10T23:53:10,575.0455216059318
75500a60-53ba-4f92-871e-02b878d0757d,Raja-Vaidya,2023-09-18T09:34:54,767.4972834580619
883694e0-9c49-4349-8aa8-a4f3be1979e1,Ravel Ltd,2024-10-24T01:38:41,417.9960584226128
5371decb-6d2b-4c67-bd04-5a4424a7961c,Dar-Pall,2025-03-22T22:12:32,418.130068659342
fe147f4f-1841-4ba8-ba2e-013c3434e4b5,Nadig-Sawhney,2025-03-16T15:54:26,713.5617662396276
91a8fe52-51c4-4bb1-9586-8453091cc87b,"Palla, Soni and Chandran",2024-09-14T02:16:51,513.1164337129284
8b4e41cf-68b0-4b6e-b7c8-e66077e0cd5a,"Sanghvi, Gera and Bhandari",2022-02-03T20:31:19,596.665501810376
99af8edc-1766-43f7-95b7-8d4903d691d5,Nazareth Ltd,2022-01-03T16:07:23,580.0253852139914
4ff52eda-7b88-48e0-b011-7cee53e6b260,"Rattan, Khosla and Gola",2023-12-16T21:58:56,426.3761587104403
2643fa11-a3a1-475e-83c8-0a24ca4feeae,Pandit Group,2024-10-08T10:17:14,786.4502329716944
028c4ab6-909e-4fd5-9f61-9bfad4ee2e09,"Khanna, Rau and Shanker",2024-03-28T18:17:20,796.1747832720521
9afdf7b6-baa1-4abf-bc32-c646ec053ba6,D’Alia PLC,2022-03-21T02:19:05,726.230830006448
9e20e6a2-9de3-48f3-af18-2c2104cb6141,"Banik, Puri and Amble",2022-01-27T13:27:27,717.510417144337
2debc668-363f-4ee5-bd63-ebf8c27852bf,Sant-Kapadia,2023-02-05T03:52:01,561.1851004262763
d30dd625-bb59-4ad3-b3ec-77717641731e,Ramachandran-Doshi,2023-01-14T19:14:55,638.9992661254479
8ec379fd-b0f3-4693-acc6-1348ff31830d,"Gara, Srinivas and Dara",2025-01-20T20:32:29,763.182255499149
bdd0c3a3-30bb-45a4-b948-a4314fe7b67b,Sinha-Hayer,2023-06-26T18:21:45,613.5693494305132
58b81821-0858-43e4-8f97-fa7eb59e0335,"Sampath, Gill and Srivastava",2023-04-03T20:42:09,401.5720217771614
a3c8383c-9e6c-40dc-b0db-0ec29fb9a90b,"Sarin, Roy and Venkatesh",2024-01-03T12:24:24,612.6093321727815
79d830a2-0183-4c2f-b7f9-223011b446de,Narula Ltd,2025-08-28T14:57:43,708.5433493624769
c5a32e2f-eef3-4d10-b529-c93af3e85636,Sura-Gara,2023-03-16T07:59:30,410.7148489645853
50325c08-4b66-4e31-8b45-d929ee3fe902,"Chaudry, Bera and Kuruvilla",2023-01-21T13:53:57,494.53473771701636
afb6f26d-262b-457d-8e9e-a96589b4d8c1,"Kade, Om and Nagi",2023-04-30T19:10:15,784.7137788963081
dac26305-f657-43b8-a684-fab9b7238b5f,Dubey-Narayan,2024-06-01T18:11:32,511.13807386149904
ffbc1256-567a-4944-a7f3-7a1c1f3c8957,Varughese-Anand,2022-02-07T02:43:41,567.8628217428289
01e5f00d-4c9f-4386-8b13-0e2c18e01534,Morar LLC,2025-02-18T09:13:02,569.8635268401349
163dc081-664c-4400-a8ee-73b39a0822cb,"Lanka, Khosla and Prasad",2026-01-15T15:45:31,578.0000289810922
d13632af-80b7-4835-96e5-a4a0dc996f64,Prasad Group,2024-06-20T19:08:11,745.7951434972015
9f7ef116-4be2-42a5-9e14-0887dfba302c,"Ravel, Bath and Salvi",2025-04-01T17:42:54,663.1139954698094
55fd83f1-d11b-4ced-b7c2-aef754dfa773,Parmer LLC,2025-08-10T01:42:20,554.7122607512148
b4d5154c-e73a-4e98-9bf2-b00ed1bb54a4,Jani-Sahota,2025-08-19T21:40:04,419.58748778761867
125f937a-d039-4486-b191-e794fa18e972,"More, Kota and Mittal",2022-07-04T04:14:19,534.3384155438587
2b4a23c7-392d-467f-93a9-b2689d1be5b6,"Sood, Chakraborty and Balay",2023-05-29T11:08:04,792.5540468848293
ff735427-0281-4323-86da-5734bf87884d,"Basak, Kari and Dhingra",2023-06-19T19:31:08,425.17608023336345
9d1a3968-567d-46a8-9c22-2c820156a383,Shenoy-Agarwal,2022-04-11T08:56:39,528.3067318222235
03d98262-0b23-4cb5-9208-1cfcb79e016a,"Kata, Khurana and Thaker",2024-05-07T10:26:17,730.5473178330355
0c5146e4-73b9-47fd-a8a4-800b6720cfd1,Gopal-Sood,2024-08-25T19:33:25,580.2758158283989
6a6c9e40-3f43-4f0e-a704-a40a36fbef8e,Purohit-Kala,2023-08-05T12:38:28,528.9891479802291
fdf9db3f-5699-4faf-a2c1-974e73edd47e,Mahal-Nair,2025-05-17T12:33:01,656.9033375099798
1de2aa6d-636c-47a7-aafc-c105eaeeb680,Bumb LLC,2024-12-09T02:05:06,494.1443693004191
4f86f9df-d868-4f6b-b722-4d4e7f0f6437,Pandya LLC,2022-09-06T21:21:42,527.6780274914877
8a392aa9-fbc1-4eec-80e7-1b3e084aff19,Choudhury-Kara,2024-03-27T01:18:29,444.2256871813763
30a68998-0f95-4495-87d6-846984a02ff4,Mistry Group,2025-09-29T19:45:35,521.547457643413
d5d4cc01-a50a-43fb-bba8-82106b7e1342,"Kurian, Kaul and Narain",2022-06-25T08:55:10,778.2424059852319
0f6074e9-95eb-405e-b3f8-25458e3d81c1,Badami PLC,2022-04-09T15:24:00,523.3765814030456
fa47e24a-5858-4312-bd93-32773bb1fff5,"Bhakta, Walla and Kapur",2025-12-01T02:06:00,446.0823048695926
02857ff3-d565-4318-81f4-e69e5bda53a2,Date Inc,2023-01-22T13:22:47,453.42444648750046
487c5a57-4835-4be2-8e3d-75efc44a1b26,Amble-Kadakia,2024-05-28T16:31:36,458.12259315025335
f4f94ce7-5b58-47f4-85a8-a693423b553c,"Tiwari, Mand and Prashad",2022-10-06T15:11:37,736.4877900174735
1355037f-ff81-455c-8c0e-65ce14d1b859,Muni-Murthy,2022-05-23T11:09:12,687.8434170353094
1e6d0d1d-e69f-4950-aac2-940e9e2faa8f,Vaidya Inc,2022-11-11T14:25:41,530.7667280436203
9e784396-6d8e-4d3b-aa87-7a72cbb50d35,"Kalla, Rana and Patla",2023-05-22T09:59:43,511.3845533282982
742fae3d-5533-4855-a37d-8df95eed738e,Mallick-Mangat,2025-12-25T19:40:02,409.9880765804787
2311307e-f61f-43d9-a63f-8e799f76ec20,Handa Group,2022-12-24T23:06:20,638.1939086691096
ce8dbae8-8003-4e96-ae24-0eeb565ba5e9,Loke-Mitter,2024-05-16T19:51:03,485.63270462142737
3872307c-3e73-4c0f-8b2e-9b1c58b7171d,"Ravi, Muni and Memon",2025-03-31T13:50:42,531.8467459822505
5076d760-bf51-4ab4-862e-af7fdee3a9ed,Wable-Ganesh,2024-10-15T05:02:11,675.1583678772506
caa036a0-3b09-4fc3-8f40-8e711918e5da,Dewan-Bhattacharyya,2025-03-28T13:28:58,418.3165998305254
ddf1d781-f448-4868-a9b2-99916a57105d,FRAUD_SUSPECT_LTD,2023-02-24T10:48:31,484.9231011272705
2af0f335-38bf-48af-8842-5e308816b7dd,Bir LLC,2023-10-23T06:18:19,519.1052304030668
999b2109-5040-423b-9c55-573af31a868f,"Virk, Banik and Chatterjee",2023-03-25T23:49:02,467.13322200072366
e29487aa-b742-4516-8f87-cbd5a0e84739,Natarajan-Gandhi,2023-10-23T11:18:08,584.9485231665776
bdc66884-c080-4570-b82a-fb7fc447c51e,Choudhury Ltd,2023-02-08T09:56:58,756.0400957409611
f9130c70-7075-4d3f-854d-8b94417552f3,Contractor-Chaudhari,2024-03-09T08:03:10,612.1083945434938
82c3fa94-a2bc-4440-8f3d-98e6fd566704,Bhagat LLC,2025-01-10T14:33:23,677.5195139843258
d21a8bed-f856-4db0-b1cf-1aeda4683126,Sane-Vaidya,2023-10-07T15:36:15,586.2762455371029
2429916c-1f8c-48a9-93c2-cf1dcfaff7ff,Balasubramanian-Srivastava,2024-01-03T05:03:18,657.2389599193427
e20aa861-a30d-4bfd-b683-300c80cc61d0,Bhat Inc,2022-08-01T11:11:14,661.4469537505175
0d2d9c83-f7d2-4eca-85b1-ee8912bbb005,"Peri, Srivastava and Chandran",2022-03-10T14:01:32,559.2447783007377
6e82cffe-5d7d-46e1-88b7-154c5616271a,"Menon, Wason and Viswanathan",2025-03-22T04:48:48,592.8283048463632
e1ba6d73-230c-4ccd-839c-6b88a45c2f53,Gara PLC,2023-03-20T20:12:49,717.6990265750542
1c294178-46e0-4389-be4e-c960b483bb9d,Lata and Sons,2026-01-02T09:29:25,708.2963052449006
3eb7df79-04d8-4025-ac59-9c8424828f58,"Sahota, Kala and Prakash",2022-03-12T22:47:33,663.2348668160466
8b4138b6-3566-4337-a5da-4326d407137a,Gokhale-Edwin,2024-07-06T09:53:46,550.5821400066137
ff01c603-3be9-45be-ac8c-64c53f3f63a3,"Tella, Chahal and Chauhan",2022-11-26T22:39:36,710.1594190371741
f3b391fb-0476-4f38-a6be-1195f5be549c,"Sane, Vig and Dubey",2023-05-08T16:47:09,740.3859291484098
904a3fad-7bdc-4a9e-9db4-b2b8bd4e2e21,Sachar Inc,2025-02-04T19:10:19,762.6466187909534
190ffe1c-dc25-4041-9262-0e14cf47d91a,"Iyer, Pall and Murty",2022-04-01T01:45:22,528.7989855951356
5e7684fb-a194-4381-a0aa-9bfe876b34a5,Malhotra-Kunda,2022-12-14T09:24:40,712.7393821561527
efcad5c8-8303-43e2-b0b7-4ca20b81923d,"Shroff, Deo and Taneja",2025-10-10T19:00:27,729.7720988890001
c9f1d995-753b-4dfb-8a7f-192a0a92724a,"Kakar, Jaggi and Venkatesh",2024-12-18T01:19:37,554.7444231147139
b418f309-b0ed-4a4d-82cb-17c45a419546,"Manda, Tata and Subramaniam",2023-09-15T05:30:32,554.5222483959124
522c8623-10e2-41fc-9766-afa0dffd1d04,Puri Group,2024-03-09T14:35:16,574.5615345227806
adb32486-20f1-459f-abc8-931fcf04c386,"Krishnan, Thaker and Sood",2022-01-12T07:04:35,723.0578925976422
75c4331f-fae4-4b00-9a28-bc2885c1d6ad,Karan-Prakash,2023-07-30T15:33:36,752.4933505270433
9aa07d8e-0f21-4e9b-af04-82e7b6dd45f1,Dua LLC,2025-12-25T00:14:31,430.54065577032344
2d670b4a-b479-4c9b-9562-b8dedf24d3ef,"Goel, Gola and Batta",2023-03-31T09:41:12,723.9480519698244
431609df-d6aa-45cb-93e8-86ff9a98d9f4,Pandit-Sundaram,2022-01-04T12:51:41,449.36853566712256
09e5a55e-6a30-4f6f-af4f-e48b5389b576,Trivedi-Wali,2025-02-18T14:24:50,543.1547670008591
2affeb07-94ed-45c3-b20d-b601df9c6fb4,Nazareth-Grover,2025-10-07T21:14:11,400.92974416764423
5e41601b-31ff-42d6-b14f-b03a90c8b617,Saraf Ltd,2022-10-23T02:48:49,411.11711682162826
c3f2c6d5-f481-4dc6-8fe6-dea69bbdae09,Kalla-Banik,2024-11-14T22:51:36,716.4758341141184
4a31e7de-1502-4a54-aefb-d1259f357a43,Rau-Mangat,2024-08-02T03:54:21,709.3521077079624
143ee180-27de-4e58-bd7c-c842f8ce62c0,Venkatesh and Sons,2025-10-28T18:22:34,511.1817386178607
aac64b0a-5f5b-4b12-b863-95b9d5594a48,"Shetty, Contractor and Bhattacharyya",2025-02-28T19:47:13,794.6259431112408
4448eb56-89b5-4fdc-85a6-99e6cdf3a83f,Modi-Oza,2023-10-29T19:51:34,503.7710126996682
c5c18e10-4eb9-4b54-8cdb-3920f80e37d3,Andra-Sule,2024-04-17T07:35:59,713.0663348600713
54b1aae5-cfa8-405d-a907-a300da101728,Banerjee-Joshi,2022-07-04T22:20:14,408.1511817723807
7aee35d6-e45c-4538-b939-6041e0050661,Banik-Chad,2025-03-05T21:43:31,689.2688014449323
f175331e-8a46-48c8-a021-9c530c9eecf2,Rana-Sagar,2023-07-04T11:30:57,534.7500014640534
db78019c-3b08-4dd4-8487-0ea371a69180,Varty-Dave,2024-10-18T22:10:24,755.2739431911393
bfbfb3b1-3a40-49f7-887d-d8a6b0e7c288,Dara-Hayer,2025-03-14T04:10:14,586.3014471225629
2a4fd793-5bb8-4c32-96e6-347f01ab9931,Solanki-Gara,2022-12-30T03:34:37,407.673977589154
3e1f3a56-c618-4a68-b87c-6af017855af0,Basak-Koshy,2022-08-15T02:29:12,778.3321543651426
a0e2d0ec-8680-468d-86b8-7f9d806cd0ee,Gade-Hegde,2024-04-19T02:10:33,779.01773550946
fcc1e395-6a72-4a4b-abe1-1e4d69766fc0,"Narang, Sarkar and Garg",2023-08-27T08:05:15,668.3801645585058
6f0a005a-7151-4640-957e-10a38a891385,"Kumar, Anne and Lall",2024-05-27T10:37:52,601.8215449066087
9ef42d82-a3e8-4170-b19c-162a51baebb6,"Sule, Narayan and Kalita",2025-04-26T04:23:47,446.03204001912576
a36f1451-1033-4579-9a9d-f071baaca56f,Raghavan PLC,2023-01-10T07:47:26,750.0519607706669
d916a0ac-c411-4fb2-ba13-4889f4252988,Gill and Sons,2023-08-24T18:01:00,650.8087381989006
cdfa0f80-1624-4de3-a854-ee25b633bee1,Badal-Dhawan,2022-07-23T10:26:46,404.88421422481326
bc3dd571-80a2-446b-b99e-63ab270471e9,Das-Chopra,2025-12-08T01:58:40,677.2791008673578
03656ca6-0647-4eeb-b101-ff1853562251,Bail LLC,2025-05-16T01:01:42,463.0280707801437
185ad3fc-2954-47be-b813-f4d74c46cc2d,Vala-Wagle,2025-10-21T04:02:23,606.6034860654584
5dce0bb2-da59-4d49-ae6b-d711cce5d84a,"Shetty, Kala and Chaudhari",2022-11-24T23:53:20,444.111378413386
e70367be-5a6e-46cd-bb28-33d22ba8a60f,"Kuruvilla, Bali and Biswas",2022-11-04T12:09:24,507.36157912620286
878b93d1-587a-4a8b-9bf2-361bab311fbc,"Saha, Walla and Aurora",2023-12-16T11:50:56,656.334939141917
1ca05dbc-b605-4142-87fb-4203481d0be1,Krishnamurthy-Hayer,2022-05-27T12:55:33,566.1441596161867
29a7b201-4a2a-4508-9ed8-0f85f00bf582,Saraf Inc,2022-01-16T17:38:50,541.679603774885
b55f0dab-959e-4dbd-899a-436cb5dc7b2f,Krishna-Tank,2023-03-05T21:54:38,533.0985876943421
29252e52-4cef-47b6-a64b-889c53c35be8,Devi-Bora,2025-10-12T08:23:21,715.8340744596952
d3b37a48-b2ce-4c62-80d9-63a204ea5d4e,Naidu-Raj,2025-10-21T23:49:26,565.2001207160592
fa890086-ec4c-4ec1-9599-15ae14136776,"Hans, Bandi and Gara",2025-02-10T22:29:24,667.4673501836686
67850287-2343-4d69-845f-85836c370274,"Thaker, Khosla and Soman",2024-12-22T03:08:24,487.74191610742054
78642916-e9e6-43ea-813c-b05ecd1bd7d3,Sachdeva-Garde,2024-12-05T02:16:02,619.2376321426766
dfcb10f6-cd2a-4d19-be16-c5ddb7e95ccb,Dani and Sons,2025-08-15T15:01:20,531.1627036996564
60fb35ed-8436-4f8a-a2f1-e8ba596c250d,Kant Group,2023-04-14T20:08:59,654.8270340857702
de46da22-aace-4519-8638-43a33f150d1e,Parsa Group,2025-05-22T14:57:47,478.393264207917
b91905df-92f5-4dd9-84ef-f15f9c4c8719,"Sarkar, Mody and Minhas",2023-12-17T18:39:31,696.9450179332935
024cdffb-be66-452f-b529-af20aa7b51d6,Patla-Saini,2024-01-13T04:31:25,533.9949506340088
8993cb12-224e-40fa-86a3-8e86cdef8163,"Luthra, Mand and Goyal",2024-08-16T05:30:56,571.4201263098095
62d63ed4-2cdb-43f6-bbcf-ef2d90373930,"Ramakrishnan, Narayanan and Taneja",2022-10-24T04:29:08,544.7937499683122
e7f48813-91e5-4d59-9460-64d8057313fb,Chaudhari Inc,2022-09-01T02:23:54,404.3372966579151
8e3ed1e7-f653-4b1a-8f55-89689d11187a,"Sodhi, Mitra and Chokshi",2023-09-30T07:04:14,654.5725919851359
1e2f7d0f-e2c7-4ed6-bf9c-b03df82accee,Sodhi LLC,2023-08-17T22:51:20,726.832764617764
ec6500f9-e3a5-4046-9d2c-104a25ce9d56,Dar LLC,2024-05-09T02:45:55,734.551819523746
7f215ab3-c54b-4adc-a13c-3c391fde6bb2,Minhas-Karan,2024-05-16T14:01:50,791.7673598247483
172fad3a-e892-4667-a217-c4d28c7cc421,Apte-Naik,2022-04-23T23:43:40,433.68942712042553
629ae763-0730-4ca0-868d-33710084bb71,Pingle-Lall,2024-11-29T20:39:02,612.2965604474787
e1fc47de-0d95-4721-a26a-8bd60b26fa6e,"Chhabra, Kashyap and Kumar",2025-11-02T12:23:01,768.2777453628072
a4b0f2cc-ed3b-4075-bf6c-f89ca61a3ea9,"Kanda, Rajagopal and Sachar",2022-11-15T15:47:33,641.6902670532405
f6a0a0bc-3caf-4e93-a247-b10a1ece4e2c,"Sekhon, Srivastava and Uppal",2023-04-11T09:59:53,660.7620602346531
b0eee5d7-3440-49df-9314-00eb2bc63a28,Datta PLC,2025-09-08T13:36:30,541.4065874817262
f42cb80c-134b-446b-a6f7-4fef91b9c2fd,Balasubramanian-Grover,2023-05-04T02:40:22,612.2735834331311
0839585f-3748-4815-bc5c-0612e809cfc0,"Koshy, Tandon and Seth",2025-10-30T20:04:55,580.3956215051974
5727973a-603c-489d-9969-28fe4fdc27cb,"Goel, Prabhakar and Hora",2024-08-10T03:49:43,511.31104266415133
11c4f3aa-3f45-4c22-b957-4516c3bcf205,"Sastry, Sinha and Brahmbhatt",2025-05-24T04:43:51,657.9139025425546
27b50917-f59f-47f0-8cd8-f50a05a6594a,Sahni-Sastry,2022-01-04T09:05:18,441.1888154877956
1ac2f5c2-31bc-4790-8462-a13dfd644130,Date-Parmer,2024-04-12T07:15:00,785.8474882574513
a17048db-1474-4783-b9b0-b6400a12ebea,"Mohan, Sarin and Kari",2025-01-02T23:09:26,601.7783166916913
730495ab-77db-4c51-afd8-c63a4c05174f,"Bawa, Sunder and Walia",2024-12-29T05:23:51,710.0442062465581
cacc1da4-ee86-4f6b-8d05-3f307706f795,Swamy-Mahajan,2024-06-06T11:33:22,787.917042598956
fa5b20ab-25a9-44fe-95f3-dbf0a564b1ee,Pal-Dhillon,2026-02-10T19:28:36,704.2974134252074
c2eeaaad-7369-49bf-ac2b-803173906a8b,Kunda-Dhar,2024-09-08T22:57:48,422.5894340285349
728a18ab-244d-49fe-9cb6-b0b6a009ca37,Butala-Bath,2023-05-11T08:51:54,472.70473690415884
8332abf1-c4a3-40a4-8e26-356436fbdb12,Chaudhari-Chakrabarti,2022-07-22T11:19:28,586.2436738031281
48a35618-073f-477e-b078-6b97b48d8c94,Nagi Inc,2022-11-04T17:54:55,783.9130696540506
4d7bcee3-befd-42d7-83c6-ec34e798a6a2,Deshmukh PLC,2022-01-24T19:14:47,548.0445650721805
5f9fad49-db6c-4c39-a651-bfc63f831f1f,"Soni, Kala and Dhar",2022-04-22T06:26:09,505.7026696194871
5e9b8f3e-0f27-4537-aa9b-9a6c021609b2,Sethi and Sons,2023-04-11T05:17:27,788.927862628812
f0f1236f-344b-485a-a364-cd6f25f3aa4c,Sastry LLC,2025-08-13T05:02:28,636.0612022402942
1ba3b950-a20e-43e3-a783-9ae57d89a0ef,Garde LLC,2025-09-04T09:50:13,418.32409602970944
dbc39b4d-6845-4bb2-adb5-dd3ee99f325a,Sampath-Manda,2024-09-13T07:44:30,424.9202037563473
09076767-2287-40a1-ae30-c263a95710d6,Minhas Inc,2025-07-20T19:21:18,430.2776348573183
afdfb315-0df1-4c73-a84e-45a4b6e357ae,"Ram, Dora and Kalita",2025-03-27T20:15:18,620.8633804650854
4e50b046-16ac-4ae9-bef9-c6dde5c5d718,Kanda LLC,2022-07-28T21:00:44,686.4429118251128
bb8a8b52-b3f9-4fc7-a73c-e3fe40bb9df3,Morar-Chana,2024-03-09T23:10:32,662.819107442517
80c92052-ea45-411d-9893-78caffa9f989,Wali-Srivastava,2025-03-26T16:09:19,717.2364422251967
f765fb76-545d-448c-a06d-d7a2374f1ea5,Tak LLC,2022-12-14T09:59:21,581.1242886913541
e9a71d2c-5458-4ba2-8b0c-cd2011fc83b5,"Kakar, Sarraf and Dora",2022-07-15T10:33:15,764.2218304267153
dcc55adf-705e-403a-ba76-5516feb89dfe,Saran LLC,2025-01-01T12:45:33,613.7519652968667
dc172f91-452a-4aa7-b159-2a4b730aba7d,Dass Inc,2024-04-09T04:49:11,545.0568412460261
cdac0a51-7bc4-4624-bbd3-e9fb1bdc89a9,"Varughese, Kaul and Madan",2025-07-23T16:21:52,417.32662060056884
188b54d9-07bc-49fa-8655-fa06812d76f5,"Anne, Sarna and Swamy",2024-06-14T05:07:15,720.3969121037662
baefbc2c-18b9-40ca-8323-bb8008921bd3,"Grewal, Srivastava and Manne",2024-10-14T06:49:17,714.5543604108791
b04c89c7-db05-45a0-ae73-0828680c6122,Varty-Raj,2025-05-07T19:45:46,418.16764546651115
c7070668-3269-41cb-b105-1ad279c72392,Ganesan and Sons,2024-06-12T13:56:24,771.7484312638055
0f07f06c-dd2a-4b8b-a71b-c0f463d92b16,Rastogi LLC,2022-06-08T16:05:01,633.5406574692594
4a096eb0-47d3-4bd3-9e39-bb853d93510a,"Bhatti, Mannan and Bajwa",2022-09-10T17:34:01,708.2268542426903
9f282e76-f010-4a73-a30f-3a2e62328b24,"Chahal, Gole and Bhasin",2024-01-02T15:51:50,696.0025197298514
341b3c37-ac6f-4444-8229-0f24a4672a3d,"Maharaj, Goda and Shroff",2025-11-20T03:09:33,635.9365881093921
86986397-9f96-466a-9217-17475da769f4,Seshadri-Chhabra,2024-01-01T23:26:18,760.2161660483573
c7423537-b52e-44af-8f8c-8c8f92541adb,Talwar-Jayaraman,2025-01-14T19:31:46,668.5381626721854
5403eb9d-9f01-4c33-a4f1-041ab4949bf3,"Rana, Bir and Mukherjee",2025-10-25T02:08:00,648.1340543972531
572e2ec7-79c5-4bec-99cd-96aed7324863,Lall and Sons,2025-12-17T17:50:21,440.5997793942089
a78e8282-b4a3-49ea-8220-4d2053029b27,"Borra, Dar and Sachdev",2025-12-02T02:22:58,599.5033263699274
ae9fb2fc-debb-401a-be7d-c7b7e981c8c1,Ahluwalia-Ganesh,2024-06-27T09:42:00,577.5768467544805
a5b5a7c1-22d6-4327-b455-ffb2bd797be1,Sant PLC,2023-02-26T02:07:18,679.8987688705356
80c0648c-9461-4fb0-93d7-d2a109a50b29,Sane-Agrawal,2024-03-19T00:32:26,428.50247692230477
7b6e7310-4cb2-4353-a994-c6278c598280,Dubey-Bora,2025-08-18T10:05:10,474.16779868017363
dd01b45d-b5c3-4385-83e8-3bf52edc76d4,Suresh Group,2024-09-09T07:49:14,747.5798210854564
dd9e9207-038d-4ea9-a34d-d46ef2021432,Madan LLC,2023-12-02T20:01:02,576.8050957459016
a37ff428-df0c-4bea-bac3-0193b90505dd,Gola Group,2023-07-25T16:38:12,410.4350126375553
ab89052f-7818-4cb4-b64f-89b6dd780dd6,"Ganesh, Banik and Salvi",2024-08-12T13:43:38,459.39713469388744
bc0bed6c-826e-4cae-a7c0-870f2b84f40d,Korpal and Sons,2025-05-25T23:42:19,412.0493421142314
2a66060a-8849-472f-82a5-d33efde5d58c,"Bajwa, Sibal and Dara",2022-03-25T18:43:03,778.6046256777671
644c5694-f714-451e-b265-be6179a5a02a,Dada LLC,2024-05-16T06:22:41,586.624528532361
32d6e8b0-251f-431e-b5f4-38748f9b3264,"Bose, Sehgal and Vora",2023-07-05T10:48:28,759.6052144781179
6ff938cb-b570-4a27-9d75-63f55711235f,Saini-Pandya,2025-09-21T12:59:45,493.01643618888494
b635b236-002e-45ab-a020-4f255dbe245c,Dani-Bose,2024-08-03T03:50:49,755.4298433771648
ef38f97f-0788-4e75-9b88-dfafc3fd4998,"Bali, Nazareth and Hans",2024-11-11T16:13:25,628.551342601577
1f6eef4f-d687-43be-8b2e-273c8645a9c2,Comar and Sons,2025-03-17T19:52:12,648.931033027595
a4b46576-eb9b-4d7b-8c37-2c920852c85e,Rai-Verma,2023-10-14T16:38:44,572.3064209322976
71cee2c7-1e30-4936-b642-5511e954bab3,"Minhas, Bedi and Kalita",2022-09-17T07:05:26,625.9974709577355
5e546c5e-e92c-49d5-9d29-7d83f21d25c2,"Dara, Bajwa and Jayaraman",2025-01-07T17:06:22,741.5429026338038
347773cf-fdcd-41d3-bed0-9bd8bcfc7d6d,Om LLC,2024-03-14T10:29:59,548.2045200492353
32773d1f-437b-410e-837c-6021bb0e78d3,"Rao, Nagar and Mittal",2025-09-28T13:56:07,544.2137464167756
71eebfde-566d-44e1-9357-f6175eb37ca9,Rajagopalan-Tella,2024-02-27T06:36:28,784.8734184161177
15d8cd1c-86c3-4f64-aebc-01e172e1783c,Chowdhury PLC,2025-11-23T07:01:52,431.22666971580077
d0995767-062a-43cc-80ef-ed0f542500c2,Sani-Shroff,2023-08-02T02:33:51,418.5395061370864
d83ba358-7729-4111-a740-48156d17ecb6,Mahajan PLC,2023-10-16T06:42:24,418.894565282671
f13d512d-d202-47e5-b8b5-58ab2d036bd3,Sinha Ltd,2022-06-26T13:38:08,583.9821359048706
6a926950-45ba-44b1-b00f-7b0991c08600,"Warrior, Mammen and Dhar",2022-04-27T08:38:28,772.5353424422613
338dfa89-f9a6-47f4-9d53-ae27bd3ef1bc,Dhar-Sharaf,2023-07-18T00:59:49,678.4261708569226
1f33861f-2556-43b9-863c-f29e471bd374,Dara-Patil,2024-12-05T09:58:07,519.1917886136525
beac0f19-a3cd-4749-8708-74c019d3a033,"Kala, Seshadri and Shanker",2023-02-24T10:46:29,687.1656538370984
aa40534a-ac7b-45da-b038-0b7df8109c12,Pai Ltd,2023-12-09T01:42:42,783.84966289517
b80bb0b3-eb82-4987-9db4-1f2463102b05,"Cheema, Palan and Raj",2024-02-21T09:12:29,466.9810632767654
46039df0-381a-4109-af9c-2450147dac56,Rastogi LLC,2022-12-02T16:10:53,723.7875445949505
8fdbab9c-cfb2-40f7-a89e-3d87bf883b82,"Shroff, Roy and Pant",2025-11-21T10:58:23,452.6924396064176
a4980efb-e582-46d5-a8df-3c52f078b856,Kade and Sons,2023-05-14T05:52:27,500.3027696660613
6d6f95aa-5745-43f6-a42b-abddabe8c9fb,Maharaj LLC,2022-12-15T02:57:53,420.5881816558683
f79ce903-7ed9-4cd8-bb02-266e3c217ed9,"Wagle, Gulati and Venkatesh",2022-07-28T17:24:50,489.49095556469933
8b52f2f2-dcb0-4bac-94b3-9f72f6dfa73d,"Gade, Wali and Shanker",2022-01-21T14:28:21,707.9180386990897
76d36141-15b1-4440-95e0-529db95cc384,Viswanathan Inc,2024-05-29T14:13:59,780.8507072261225
ccc0cf77-f99a-4a0f-b392-2c26f4fe9dfd,Vala-Raghavan,2023-09-16T08:04:42,420.41728601963746
89ce284d-798f-4f0e-b30a-004797439ba3,"Varty, Ganesh and Devi",2025-05-21T21:23:12,799.9622422346552
64222f72-faf8-4d1e-9d1f-b21bf20d2178,"Mall, Badal and Karpe",2022-04-05T00:25:33,525.6835915385248
1ace4e92-0934-453d-a218-99d7d2172ca2,Bail and Sons,2024-11-29T13:26:12,639.2570092612375
c2afd5c4-a066-4d49-a527-1239759cc6e4,Karpe-Gupta,2023-10-25T23:49:17,591.5862601636677
7db69634-24be-4603-a8e1-7a6709523262,Dutt-Parikh,2025-04-11T20:26:47,510.216382509964
ee26b79d-2dd0-4779-a903-c7f5cfa1ead0,Mittal-Chokshi,2025-07-22T17:12:38,465.100311849009
9d99d466-b1c3-440f-ab52-ccfcdf5750cb,Pai-Basak,2024-09-06T13:01:20,625.4432918449044
f9f4969a-f6da-4181-affb-b6cb467f220a,"Sawhney, Savant and Mistry",2022-03-15T17:44:14,635.6284236679924
9125c01d-2c5a-4b61-9a39-5c7cf29d3946,Khosla Ltd,2024-12-07T00:41:56,678.7142599280676
31e8ce3c-ce8e-46f1-817f-791e7bd96dca,Apte Inc,2025-02-02T02:16:10,679.54796419738
0d83f31a-81d1-4208-9819-a52300ec6e1d,"Buch, Tank and Dugal",2023-02-01T20:47:35,439.7072919942058
5fbeeeb2-cbe5-4fdd-97fc-4d2723d35b42,"Patla, Sachar and Dugar",2024-06-22T02:34:43,580.5406107364852
1f64f7c1-13b0-4247-9397-50344d126eed,More PLC,2023-01-28T11:35:05,568.1681414959355
8c06f24c-40c1-400e-8714-565b422f6d1e,"Das, Sarraf and Soman",2025-07-30T15:17:04,594.6802362914831
e83e5557-f2a4-43f0-b39a-c915bde3bade,"Patil, Murthy and Thaman",2022-05-03T19:48:37,799.7738036731614
ea3d2a04-8562-49fd-b2aa-018933e698fe,Arora-Manda,2024-06-09T04:27:10,652.3598086056046
172e449c-cb5c-467f-85f6-a7a1ecef4389,Edwin LLC,2025-11-04T00:08:31,760.0374010905502
a284ad42-1033-403c-b131-b407f70e4d70,"Mandal, Kamdar and Mody",2025-07-19T14:15:24,428.4534619741094
0f94e77e-bdaa-441a-ab49-8d4114a487e6,Varghese PLC,2024-03-11T05:13:32,716.5956602444427
6630a6bf-dd96-4680-b698-1e40004f25ea,"Sethi, Tiwari and Mall",2024-08-08T18:42:50,444.00765758628484
fe260480-7bfb-44c9-85af-74453c887e48,Gola Inc,2025-03-05T11:42:41,722.210381284734
667d6cd3-762d-4561-928f-6537dbf89ec8,Devi-Majumdar,2024-12-23T08:22:05,426.4214133649501
e2c80168-1756-4a6e-a7c0-c1e07ab92145,Menon PLC,2022-10-09T07:40:57,443.49690275571976
2e80eb52-b5b4-43e7-8ad8-c2c8e56907e6,"Bhandari, Taneja and Kari",2024-08-04T00:23:51,762.4915590709816
45889a11-1b72-45a5-8c3a-f10a826d9123,Agrawal Inc,2023-09-25T11:50:00,790.9280127730422
a761de5a-b940-4bcb-ac94-abc566d00e78,Chatterjee-Lall,2024-06-22T15:28:27,741.1981193266741
82fc9edf-f486-462e-8c29-6839e1150452,"Viswanathan, Ganguly and Saxena",2022-11-02T22:19:30,733.9289852296997
3399b2d3-1300-4e87-88f0-bf76b20d04ae,"Ramesh, Dayal and Salvi",2022-07-14T21:42:52,795.3422224991536
f7095d01-e4a5-42a2-92fa-1375a8d3d85a,Gole Group,2023-06-18T12:57:01,757.7247575096751
20a23cd8-da6e-41df-90ca-830b95f9ddcc,Sodhi Inc,2024-01-25T22:42:20,535.7908378762537
57a0bb2c-7079-4eff-9855-645539921bc3,"Samra, Tata and Ganesh",2026-01-08T13:50:44,740.1566743974201
a4ad143f-8f57-47d7-be45-281b77768edb,Sethi LLC,2025-04-11T09:20:55,465.6476377924042
23f9ce07-6215-40fa-909e-e8e365db6405,Gopal Group,2022-03-08T17:07:22,627.7444237461023
99b63082-b8dd-44c9-bc9c-3075e0dd4343,"Dhillon, Sha and Patla",2024-09-25T02:47:27,751.657834695696
293d6787-afe6-4ccf-9e72-0b594e32aabd,Datta-Sama,2024-01-05T18:15:32,737.3248737548763
9ed4bf70-5ac6-4018-9280-e357141bef3e,"Rastogi, Rajagopal and Andra",2022-09-27T14:05:53,719.0029876234305
5de99774-8d67-4520-9305-f1f342ab7c3c,Brahmbhatt Inc,2024-01-09T22:16:28,550.7620555586825
66024263-8347-4ce5-93b6-739020f278a2,Saraf PLC,2023-06-14T06:28:05,632.8373700160685
21ca7ea1-cad6-4373-9cd0-60fc93bca467,"Oak, Banik and Dutt",2025-11-23T19:59:08,753.2430038136612
16a8c451-175c-4fc6-ab37-329356c85f61,"Dada, Lad and Balasubramanian",2025-08-06T16:13:40,794.7722259950326
059f3ce4-590d-4f2c-93bb-ca4913fc8a89,"Badal, Mody and Kara",2024-09-25T22:39:09,686.569389212289
ff817a16-3eef-49bd-9e6c-ff7d0883b8f0,Nazareth PLC,2022-07-22T04:15:56,474.757451733219
30994890-1264-47bc-bacb-7c778cb73eed,Purohit-Barad,2024-10-16T21:39:37,563.4522342343724
3810d2c1-cb1c-417d-9c77-6d890ca74d41,Raman-Sekhon,2023-04-26T18:55:32,791.9779502530416
50ec287c-3113-4dd4-8273-be69cfdf4208,Datta-Grover,2024-05-10T21:17:04,496.47088591267595
7c0d44e5-dfa1-4fdd-b60f-684ec1142413,"Swaminathan, Varghese and Thakkar",2023-09-20T02:35:03,413.6643536783524
0f54106d-5b13-4a80-827a-dbf359fc0f2a,"Srinivas, Mangat and Wable",2025-06-01T15:25:33,542.6348405463972
089f6d85-0e3f-4abd-bc80-17de15fbc176,Deshpande Inc,2023-01-19T18:58:39,432.04362865775425
cec29bd5-241c-4db2-a476-e567d1ae0645,"Pant, Memon and Dixit",2024-01-06T03:32:23,458.1097669104721
e7f1adec-2c78-4af5-8b74-c013c1e59230,"Thaman, Nagar and Salvi",2024-01-31T18:27:04,763.2454944483566
a4fb204e-0203-4e84-be9d-f211bb278b7f,"Sekhon, Chaudhry and Ratta",2025-12-02T23:44:22,617.9740642782986
ec209f6b-70b0-4eeb-b7e5-f1f110c04141,Bhat Inc,2025-05-26T15:37:21,551.7667429617314
e12f73f8-11e0-4821-9dd5-b57c66e99d13,"Kumar, Khurana and Banik",2023-11-08T04:28:12,564.3280171407366
